1246,3,"Dean, Miss. Elizabeth Gladys Millvina""""",female,0.17,1,2,C.A. 2315,20.575,,S,child
1093,3,"Danbom, Master. Gilbert Sigvard Emanuel",male,0.33,0,2,347080,14.4,,S,child
1173,3,"Peacock, Master. Alfred Edward",male,0.75,1,1,SOTON/O.Q. 3101315,13.775,,S,child
1199,3,"Aks, Master. Philip Frank",male,0.83,0,1,392091,9.35,,S,child
1142,2,"West, Miss. Barbara J",female,0.92,1,2,C.A. 34651,27.75,,S,child
1009,3,"Sandstrom, Miss. Beatrice Irene",female,1.0,1,1,PP 9549,16.7,G6,S,child
1155,3,"Klasen, Miss. Gertrud Emilia",female,1.0,1,1,350405,12.1833,,S,child
1188,2,"Laroche, Miss. Louise",female,1.0,1,2,SC/Paris 2123,41.5792,,C,child
981,2,"Wells, Master. Ralph Lester",male,2.0,1,1,29103,23.0,,S,child
1176,3,"Rosblom, Miss. Salli Helena",female,2.0,1,1,370129,20.2125,,S,child
1301,3,"Peacock, Miss. Treasteall",female,3.0,1,1,SOTON/O.Q. 3101315,13.775,,S,child
1271,3,"Asplund, Master. Carl Edgar",male,5.0,4,2,347077,31.3875,,S,child
972,3,"Boulos, Master. Akar",male,6.0,1,1,2678,15.2458,,C,child
1088,1,"Spedden, Master. Robert Douglas",male,6.0,0,2,16966,134.5,E34,C,child
1281,3,"Palsson, Master. Paul Folke",male,6.0,3,1,349909,21.075,,S,child
1053,3,"Touma, Master. Georges Youssef",male,7.0,1,1,2650,15.2458,,C,child
1086,2,"Drew, Master. Marshall Brines",male,8.0,0,2,28220,32.5,,S,child
1095,2,"Quick, Miss. Winifred Vera",female,8.0,1,1,26360,26.0,,S,child
913,3,"Olsen, Master. Artur Karl",male,9.0,0,1,C 17368,3.1708,,S,child
1175,3,"Touma, Miss. Maria Youssef",female,9.0,1,1,2650,15.2458,,C,child
947,3,"Rice, Master. Albert",male,10.0,4,1,382652,29.125,,Q,child
1032,3,"Goodwin, Miss. Jessie Allis",female,10.0,5,2,CA 2144,46.9,,S,child
1084,3,"van Billiard, Master. Walter John",male,11.5,1,1,A/5. 851,14.5,,S,child
1012,2,"Watt, Miss. Bertha J",female,12.0,0,0,C.A. 33595,15.75,,S,child
1218,2,"Becker, Miss. Ruth Elizabeth",female,12.0,2,1,230136,39.0,F4,S,child
956,1,"Ryerson, Master. John Borie",male,13.0,2,2,PC 17608,262.375,B57 B59 B63 B66,C,child
1046,3,"Asplund, Master. Filip Oscar",male,13.0,4,2,347077,31.3875,,S,child
1284,3,"Abbott, Master. Eugene Joseph",male,13.0,0,2,C.A. 2673,20.25,,S,child
897,3,"Svensson, Mr. Johan Cervin",male,14.0,0,0,7538,9.225,,S,child
1122,2,"Sweet, Mr. George Frederick",male,14.0,0,0,220845,65.0,,S,child
1252,3,"Sage, Master. William Henry",male,14.5,8,2,CA. 2343,69.55,,S,child
1067,2,"Brown, Miss. Edith Eileen",female,15.0,0,2,29750,39.0,,S,child
996,3,"Thomas, Mrs. Alexander (Thamine Thelma"")""",female,16.0,1,1,2625,8.5167,,C,child
1237,3,"Abelseth, Miss. Karen Marie",female,16.0,0,0,348125,7.65,,S,child
952,3,"Dika, Mr. Mirko",male,17.0,0,0,349232,7.8958,,S,child
1017,3,"Cribb, Miss. Laura Alice",female,17.0,0,1,371362,16.1,,S,child
1079,3,"Davies, Mr. Joseph",male,17.0,2,0,A/4 48873,8.05,,S,child
1104,2,"Deacon, Mr. Percy William",male,17.0,0,0,S.O.C. 14879,73.5,,S,child
1161,3,"Pokrnic, Mr. Mate",male,17.0,0,0,315095,8.6625,,S,child
1207,3,"Hagardon, Miss. Kate",female,17.0,0,0,AQ/3. 30631,7.7333,,Q,child
1295,1,"Carrau, Mr. Jose Pedro",male,17.0,0,0,113059,47.1,,S,child
900,3,"Abrahim, Mrs. Joseph (Sophie Halaut Easu)",female,18.0,0,0,2657,7.2292,,C,child
954,3,"Bjorklund, Mr. Ernst Herbert",male,18.0,0,0,347090,7.75,,S,child
958,3,"Burns, Miss. Mary Delia",female,18.0,0,0,330963,7.8792,,Q,child
979,3,"Badman, Miss. Emily Louisa",female,18.0,0,0,A/4 31416,8.05,,S,child
1007,3,"Chronopoulos, Mr. Demetrios",male,18.0,1,0,2680,14.4542,,C,child
1059,3,"Ford, Mr. Edward Watson",male,18.0,2,2,W./C. 6608,34.375,,S,child
1074,1,"Marvin, Mrs. Daniel Warner (Mary Graham Carmichael Farquarson)",female,18.0,1,0,113773,53.1,D30,S,child
1089,3,"Nilsson, Miss. Berta Olivia",female,18.0,0,0,347066,7.775,,S,child
1130,2,"Hiltunen, Miss. Marta",female,18.0,1,1,250650,13.0,,S,child
1202,3,"Cacic, Mr. Jego Grga",male,18.0,0,0,315091,8.6625,,S,child
1232,2,"Fillbrook, Mr. Joseph Charles",male,18.0,0,0,C.A. 15185,10.5,,S,child
1244,2,"Dibden, Mr. William",male,18.0,0,0,S.O.C. 14879,73.5,,S,child
1287,1,"Smith, Mrs. Lucien Philip (Mary Eloise Hughes)",female,18.0,1,0,13695,60.0,C31,S,child
927,3,"Katavelas, Mr. Vassilios (Catavelas Vassilios"")""",male,18.5,0,0,2682,7.2292,,C,young adult
1001,2,"Swane, Mr. George",male,18.5,0,0,248734,13.0,F,S,young adult
1005,3,"Buckley, Miss. Katherine",female,18.5,0,0,329944,7.2833,,Q,young adult
1150,2,"Bentham, Miss. Lilian W",female,19.0,0,0,28404,13.0,,S,young adult
1209,2,"Rogers, Mr. Reginald Harry",male,19.0,0,0,28004,10.5,,S,young adult
1225,3,"Nakid, Mrs. Said (Waika Mary"" Mowad)""",female,19.0,1,1,2653,15.7417,,C,young adult
1275,3,"McNamee, Mrs. Neal (Eileen O'Leary)",female,19.0,1,0,376566,16.1,,S,young adult
944,2,"Hocking, Miss. Ellen Nellie""""",female,20.0,2,1,29105,23.0,,S,young adult
990,3,"Braf, Miss. Elin Ester Maria",female,20.0,0,0,347471,7.8542,,S,young adult
1068,2,"Sincock, Miss. Maude",female,20.0,0,0,C.A. 33112,36.75,,S,young adult
1127,3,"Vendel, Mr. Olof Edvin",male,20.0,0,0,350416,7.8542,,S,young adult
1129,3,"Baccos, Mr. Raffull",male,20.0,0,0,2679,7.225,,C,young adult
1143,3,"Abrahamsson, Mr. Abraham August Johannes",male,20.0,0,0,SOTON/O2 3101284,7.925,,S,young adult
1167,2,"Bryhl, Miss. Dagmar Jenny Ingeborg ",female,20.0,1,0,236853,26.0,,S,young adult
1297,2,"Nourney, Mr. Alfred (Baron von Drachstedt"")""",male,20.0,0,0,SC/PARIS 2166,13.8625,D38,C,young adult
901,3,"Davies, Mr. John Samuel",male,21.0,2,0,A/4 48871,24.15,,S,young adult
909,3,"Assaf, Mr. Gerios",male,21.0,0,0,2692,7.225,,C,young adult
915,1,"Williams, Mr. Richard Norris II",male,21.0,0,1,PC 17597,61.3792,,C,young adult
929,3,"Cacic, Miss. Manda",female,21.0,0,0,315087,8.6625,,S,young adult
963,3,"Minkoff, Mr. Lazar",male,21.0,0,0,349211,7.8958,,S,young adult
998,3,"Buckley, Mr. Daniel",male,21.0,0,0,330920,7.8208,,Q,young adult
1078,2,"Phillips, Miss. Alice Frances Louisa",female,21.0,0,1,S.O./P.P. 2,21.0,,S,young adult
1113,3,"Reynolds, Mr. Harold J",male,21.0,0,0,342684,8.05,,S,young adult
1115,3,"Karlsson, Mr. Einar Gervasius",male,21.0,0,0,350053,7.7958,,S,young adult
1123,1,"Willard, Miss. Constance",female,21.0,0,0,113795,26.55,,S,young adult
1124,3,"Wiklund, Mr. Karl Johan",male,21.0,1,0,3101266,6.4958,,S,young adult
1151,3,"Midtsjo, Mr. Karl Albert",male,21.0,0,0,345501,7.775,,S,young adult
1153,3,"Nilsson, Mr. August Ferdinand",male,21.0,0,0,350410,7.8542,,S,young adult
1221,2,"Enander, Mr. Ingvar",male,21.0,0,0,236854,13.0,,S,young adult
1262,2,"Giles, Mr. Edgar",male,21.0,1,0,28133,11.5,,S,young adult
1269,2,"Cotterill, Mr. Henry Harry""""",male,21.0,0,0,29107,11.5,,S,young adult
1280,3,"Canavan, Mr. Patrick",male,21.0,0,0,364858,7.75,,Q,young adult
896,3,"Hirvonen, Mrs. Alexander (Helga E Lindqvist)",female,22.0,1,1,3101298,12.2875,,S,young adult
918,1,"Ostby, Miss. Helene Ragnhild",female,22.0,0,1,113509,61.9792,B36,C,young adult
955,3,"Bradley, Miss. Bridget Delia",female,22.0,0,0,334914,7.725,,Q,young adult
982,3,"Dyker, Mrs. Adolf Fredrik (Anna Elisabeth Judith Andersson)",female,22.0,1,0,347072,13.9,,S,young adult
1018,3,"Brobeck, Mr. Karl Rudolf",male,22.0,0,0,350045,7.7958,,S,young adult
1039,3,"Davies, Mr. Evan",male,22.0,0,0,SC/A4 23568,8.05,,S,young adult
1061,3,"Hellstrom, Miss. Hilda Maria",female,22.0,0,0,7548,8.9625,,S,young adult
1114,2,"Cook, Mrs. (Selena Rogers)",female,22.0,0,0,W./C. 14266,10.5,F33,S,young adult
1138,2,"Karnes, Mrs. J Frank (Claire Bennett)",female,22.0,0,0,F.C.C. 13534,21.0,,S,young adult
1171,2,"Oxenham, Mr. Percy Thomas",male,22.0,0,0,W./C. 14260,10.5,,S,young adult
1203,3,"Vartanian, Mr. David",male,22.0,0,0,2658,7.225,,C,young adult
1211,2,"Jefferys, Mr. Ernest Wilfred",male,22.0,2,0,C.A. 31029,31.5,,S,young adult
1259,3,"Riihivouri, Miss. Susanna Juhantytar Sanni""""",female,22.0,0,0,3101295,39.6875,,S,young adult
1268,3,"Kink, Miss. Maria",female,22.0,2,0,315152,8.6625,,S,young adult
1290,3,"Larsson-Rondberg, Mr. Edvard A",male,22.0,0,0,347065,7.775,,S,young adult
1294,1,"Gibson, Miss. Dorothy Winifred",female,22.0,0,1,112378,59.4,,C,young adult
919,3,"Daher, Mr. Shedid",male,22.5,0,0,2698,7.225,,C,young adult
904,1,"Snyder, Mrs. John Pillsbury (Nelle Stevenson)",female,23.0,1,0,21228,82.2667,B45,S,young adult
1030,3,"Drapkin, Miss. Jennie",female,23.0,0,0,SOTON/OQ 392083,8.05,,S,young adult
1042,1,"Earnshaw, Mrs. Boulton (Olive Potter)",female,23.0,0,1,11767,83.1583,C54,C,young adult
1049,3,"Lundin, Miss. Olga Elida",female,23.0,0,0,347469,7.8542,,S,young adult
1064,3,"Dyker, Mr. Adolf Fredrik",male,23.0,1,0,347072,13.9,,S,young adult
1090,2,"Baimbrigge, Mr. Charles Robert",male,23.0,0,0,C.A. 31030,10.5,,S,young adult
1118,3,"Asplund, Mr. Johan Charles",male,23.0,0,0,350054,7.7958,,S,young adult
1172,3,"Oreskovic, Miss. Jelka",female,23.0,0,0,315085,8.6625,,S,young adult
1217,3,"Assam, Mr. Ali",male,23.0,0,0,SOTON/O.Q. 3101309,7.05,,S,young adult
1282,1,"Payne, Mr. Vivian Ponsonby",male,23.0,0,0,12749,93.5,B24,S,young adult
1298,2,"Ware, Mr. William Jeffery",male,23.0,1,0,28666,10.5,,S,young adult
907,2,"del Carlo, Mrs. Sebastiano (Argenia Genovesi)",female,24.0,1,0,SC/PARIS 2167,27.7208,,C,young adult
923,2,"Jefferys, Mr. Clifford Thomas",male,24.0,2,0,C.A. 31029,31.5,,S,young adult
942,1,"Smith, Mr. Lucien Philip",male,24.0,1,0,13695,60.0,C31,S,young adult
962,3,"Mulvihill, Miss. Bertha E",female,24.0,0,0,382653,7.75,,Q,young adult
971,3,"Doyle, Miss. Elizabeth",female,24.0,0,0,368702,7.75,,Q,young adult
1021,3,"Petersen, Mr. Marius",male,24.0,0,0,342441,8.05,,S,young adult
1027,3,"Carlsson, Mr. Carl Robert",male,24.0,0,0,350409,7.8542,,S,young adult
1047,3,"Duquemin, Mr. Joseph",male,24.0,0,0,S.O./P.P. 752,7.55,,S,young adult
1099,2,"Collett, Mr. Sidney C Stuart",male,24.0,0,0,28034,10.5,,S,young adult
1145,3,"Salander, Mr. Karl Johan",male,24.0,0,0,7266,9.325,,S,young adult
1179,1,"Snyder, Mr. John Pillsbury",male,24.0,1,0,21228,82.2667,B45,S,young adult
1195,3,"Pokrnic, Mr. Tome",male,24.0,0,0,315092,8.6625,,S,young adult
1240,2,"Giles, Mr. Ralph",male,24.0,0,0,248726,13.5,,S,young adult
1253,2,"Mallet, Mrs. Albert (Antoinette Magnin)",female,24.0,1,1,S.C./PARIS 2079,37.0042,,C,young adult
1277,2,"Herman, Miss. Kate",female,24.0,1,2,220845,65.0,,S,young adult
1278,3,"Aronsson, Mr. Ernst Axel Algot",male,24.0,0,0,349911,7.775,,S,young adult
1288,3,"Colbert, Mr. Patrick",male,24.0,0,0,371109,7.25,,Q,young adult
930,3,"Sap, Mr. Julius",male,25.0,0,0,345768,9.5,,S,young adult
937,3,"Peltomaki, Mr. Nikolai Johannes",male,25.0,0,0,STON/O 2. 3101291,7.925,,S,young adult
949,3,"Abelseth, Mr. Olaus Jorgensen",male,25.0,0,0,348122,7.65,F G63,S,young adult
986,1,"Birnbaum, Mr. Jakob",male,25.0,0,0,13905,26.0,,C,young adult
987,3,"Tenglin, Mr. Gunnar Isidor",male,25.0,0,0,350033,7.7958,,S,young adult
1096,2,"Andrew, Mr. Frank Thomas",male,25.0,0,0,C.A. 34050,10.5,,S,young adult
1101,3,"Delalic, Mr. Redjo",male,25.0,0,0,349250,7.8958,,S,young adult
1213,3,"Krekorian, Mr. Neshan",male,25.0,0,0,2654,7.2292,F E57,C,young adult
1230,2,"Denbury, Mr. Herbert",male,25.0,0,0,C.A. 31029,31.5,,S,young adult
1243,2,"Stokes, Mr. Philip Joseph",male,25.0,0,0,F.C.C. 13540,10.5,,S,young adult
1256,1,"Harder, Mrs. George Achilles (Dorothy Annan)",female,25.0,1,0,11765,55.4417,E50,C,young adult
899,2,"Caldwell, Mr. Albert Francis",male,26.0,1,1,248738,29.0,,S,adult
995,3,"Johansson Palmquist, Mr. Oskar Leander",male,26.0,0,0,347070,7.775,,S,adult
1029,2,"Schmidt, Mr. August",male,26.0,0,0,248659,13.0,,S,adult
1051,3,"Peacock, Mrs. Benjamin (Edith Nile)",female,26.0,0,2,SOTON/O.Q. 3101315,13.775,,S,adult
1054,2,"Wright, Miss. Marion",female,26.0,0,0,220844,13.5,,S,adult
1057,3,"Kink-Heilmann, Mrs. Anton (Luise Heilmann)",female,26.0,1,1,315153,22.025,,S,adult
1164,1,"Clark, Mrs. Walter Miller (Virginia McDowell)",female,26.0,1,0,13508,136.7792,C89,C,adult
1187,3,"Angheloff, Mr. Minko",male,26.0,0,0,349202,7.8958,,S,adult
1212,3,"Andersson, Mr. Johan Samuel",male,26.0,0,0,347075,7.775,,S,adult
1214,2,"Nesson, Mr. Israel",male,26.0,0,0,244368,13.0,F2,S,adult
1238,2,"Botsford, Mr. William Hull",male,26.0,0,0,237670,13.0,,S,adult
1273,3,"Foley, Mr. Joseph",male,26.0,0,0,330910,7.8792,,Q,adult
1028,3,"Zakarian, Mr. Mapriededer",male,26.5,0,0,2656,7.225,,C,adult
895,3,"Wirz, Mr. Albert",male,27.0,0,0,315154,8.6625,,S,adult
910,3,"Ilmakangas, Miss. Ida Livija",female,27.0,1,0,STON/O2. 3101270,7.925,,S,adult
943,2,"Pulbaum, Mr. Franz",male,27.0,0,0,SC/PARIS 2168,15.0333,,C,adult
978,3,"Barry, Miss. Julia",female,27.0,0,0,330844,7.8792,,Q,adult
984,1,"Davidson, Mrs. Thornton (Orian Hays)",female,27.0,1,2,F.C. 12750,52.0,B71,S,adult
993,2,"Weisz, Mr. Leopold",male,27.0,1,0,228414,26.0,,S,adult
1063,3,"Zakarian, Mr. Ortin",male,27.0,0,0,2670,7.225,,C,adult
1076,1,"Douglas, Mrs. Frederick Charles (Mary Helene Baxter)",female,27.0,1,1,PC 17558,247.5208,B58 B60,C,adult
1144,1,"Clark, Mr. Walter Miller",male,27.0,1,0,13508,136.7792,C89,C,adult
1210,3,"Jonsson, Mr. Nils Hilding",male,27.0,0,0,350408,7.8542,,S,adult
1226,3,"Cor, Mr. Ivan",male,27.0,0,0,349229,7.8958,,S,adult
1255,3,"Strilic, Mr. Ivan",male,27.0,0,0,315083,8.6625,,S,adult
945,1,"Fortune, Miss. Ethel Flora",female,28.0,3,2,19950,263.0,C23 C25 C27,S,adult
997,3,"Holthen, Mr. Johan Martin",male,28.0,0,0,C 4001,22.525,,S,adult
1015,3,"Carver, Mr. Alfred John",male,28.0,0,0,392095,7.25,,S,adult
1035,2,"Beauchamp, Mr. Henry James",male,28.0,0,0,244358,26.0,,S,adult
1149,3,"Niklasson, Mr. Samuel",male,28.0,0,0,363611,8.05,,S,adult
1168,2,"Parker, Mr. Clifford Richard",male,28.0,0,0,SC 14888,10.5,,S,adult
1304,3,"Henriksson, Miss. Jenny Lovisa",female,28.0,0,0,347086,7.775,,S,adult
965,1,"Ovies y Rodriguez, Mr. Servando",male,28.5,0,0,PC 17562,27.7208,D43,C,adult
964,3,"Nieminen, Miss. Manta Josefina",female,29.0,0,0,3101297,7.925,,S,adult
989,3,"Makinen, Mr. Kalle Edvard",male,29.0,0,0,STON/O 2. 3101268,7.925,,S,adult
1011,2,"Chapman, Mrs. John Henry (Sara Elizabeth Lawry)",female,29.0,1,0,SC/AH 29037,26.0,,S,adult
1048,1,"Bird, Miss. Ellen",female,29.0,0,0,PC 17483,221.7792,C97,S,adult
1140,2,"Hold, Mrs. Stephen (Annie Margaret Hill)",female,29.0,1,0,26707,26.0,,S,adult
1154,2,"Wells, Mrs. Arthur Henry (Addie"" Dart Trevaskis)""",female,29.0,0,2,29103,23.0,,S,adult
1191,3,"Johansson, Mr. Nils",male,29.0,0,0,347467,7.8542,,S,adult
1220,2,"Clarke, Mr. Charles Valentine",male,29.0,1,0,2003,26.0,,S,adult
1261,2,"Pallas y Castello, Mr. Emilio",male,29.0,0,0,SC/PARIS 2147,13.8583,,C,adult
1286,3,"Kink-Heilmann, Mr. Anton",male,29.0,3,1,315153,22.025,,S,adult
898,3,"Connolly, Miss. Kate",female,30.0,0,0,330972,7.6292,,Q,adult
926,1,"Mock, Mr. Philipp Edmund",male,30.0,1,0,13236,57.75,C78,C,adult
935,2,"Corbett, Mrs. Walter H (Irene Colvin)",female,30.0,0,0,237249,13.0,,S,adult
970,2,"Aldworth, Mr. Charles Augustus",male,30.0,0,0,248744,13.0,,S,adult
1041,2,"Lahtinen, Rev. William",male,30.0,1,1,250651,26.0,,S,adult
1072,2,"McCrie, Mr. James Matthew",male,30.0,0,0,233478,13.0,,S,adult
1112,2,"Duran y More, Miss. Florentina",female,30.0,1,0,SC/PARIS 2148,13.8583,,C,adult
1156,2,"Portaluppi, Mr. Emilio Ilario Giuseppe",male,30.0,0,0,C.A. 34644,12.7375,,C,adult
1170,2,"Ware, Mr. John James",male,30.0,1,0,CA 31352,21.0,,S,adult
1183,3,"Daly, Miss. Margaret Marcella Maggie""""",female,30.0,0,0,382650,6.95,,Q,adult
1190,1,"Loring, Mr. Joseph Holland",male,30.0,0,0,113801,45.5,,S,adult
1198,1,"Allison, Mr. Hudson Joshua Creighton",male,30.0,1,2,113781,151.55,C22 C26,S,adult
1227,1,"Maguire, Mr. John Edward",male,30.0,0,0,110469,26.0,C106,S,adult
1251,3,"Lindell, Mrs. Edvard Bengtsson (Elin Gerda Persson)",female,30.0,1,0,349910,15.55,,S,adult
1292,1,"Bonnell, Miss. Caroline",female,30.0,0,0,36928,164.8667,C7,S,adult
960,1,"Tucker, Mr. Gilbert Milligan Jr",male,31.0,0,0,2543,28.5375,C53,C,adult
1037,3,"Vander Planke, Mr. Julius",male,31.0,3,0,345763,18.0,,S,adult
1241,2,"Walcroft, Miss. Nellie",female,31.0,0,0,F.C.C. 13528,21.0,,S,adult
1254,2,"Ware, Mrs. John James (Florence Louise Long)",female,31.0,0,0,CA 31352,21.0,,S,adult
1263,1,"Wilson, Miss. Helen Alice",female,31.0,0,0,16966,134.5,E39 E41,C,adult
1291,3,"Conlon, Mr. Thomas Henry",male,31.0,0,0,21332,7.7333,,Q,adult
953,2,"McCrae, Mr. Arthur Gordon",male,32.0,0,0,237216,13.5,,S,adult
1022,3,"Spinner, Mr. Henry John",male,32.0,0,0,STON/OQ. 369943,8.05,,S,adult
1102,3,"Andersen, Mr. Albert Karvin",male,32.0,0,0,C 4001,22.525,,S,adult
1192,3,"Olsson, Mr. Oscar Wilhelm",male,32.0,0,0,347079,7.775,,S,adult
1228,2,"de Brito, Mr. Jose Joaquim",male,32.0,0,0,244360,13.0,,S,adult
1233,3,"Lundstrom, Mr. Thure Edvin",male,32.0,0,0,350403,7.5792,,S,adult
967,1,"Keeping, Mr. Edwin",male,32.5,0,0,113503,211.5,C132,C,adult
1146,3,"Wenzel, Mr. Linhart",male,32.5,0,0,345775,9.5,,S,adult
924,3,"Dean, Mrs. Bertram (Eva Georgetta Light)",female,33.0,1,2,C.A. 2315,20.575,,S,adult
991,3,"Nancarrow, Mr. William Henry",male,33.0,0,0,A./5. 3338,8.05,,S,adult
1033,1,"Daniels, Miss. Sarah",female,33.0,0,0,113781,151.55,,S,adult
1087,3,"Karlsson, Mr. Julius Konrad Eugen",male,33.0,0,0,347465,7.8542,,S,adult
1100,1,"Rosenbaum, Miss. Edith Louise",female,33.0,0,0,PC 17613,27.7208,A11,C,adult
1215,1,"Rowe, Mr. Alfred G",male,33.0,0,0,113790,26.55,,S,adult
1082,2,"Angle, Mr. William A",male,34.0,1,0,226875,26.0,,S,adult
892,3,"Kelly, Mr. James",male,34.5,0,0,330911,7.8292,,Q,adult
908,2,"Keane, Mr. Daniel",male,35.0,0,0,233734,12.35,,Q,adult
948,3,"Cor, Mr. Bartol",male,35.0,0,0,349230,7.8958,,S,adult
966,1,"Geiger, Miss. Amalie",female,35.0,0,0,113503,211.5,C130,C,adult
1014,1,"Schabert, Mrs. Paul (Emma Mock)",female,35.0,1,0,13236,57.75,C28,C,adult
1098,3,"McGowan, Miss. Katherine",female,35.0,0,0,9232,7.75,,Q,adult
941,3,"Coutts, Mrs. William (Winnie Minnie"" Treanor)""",female,36.0,0,2,C.A. 37671,15.9,,S,adult
951,1,"Chaudanson, Miss. Victorine",female,36.0,0,0,PC 17608,262.375,B61,C,adult
1004,1,"Evans, Miss. Edith Corse",female,36.0,0,0,PC 17531,31.6792,A29,C,adult
1010,1,"Beattie, Mr. Thomson",male,36.0,0,0,13050,75.2417,C6,C,adult
1045,3,"Klasen, Mrs. (Hulda Kristina Eugenia Lofqvist)",female,36.0,0,2,350405,12.1833,,S,adult
1070,2,"Becker, Mrs. Allen Oliver (Nellie E Baumgardner)",female,36.0,0,3,230136,39.0,F4,S,adult
1121,2,"Hocking, Mr. Samuel James Metcalfe",male,36.0,0,0,242963,13.0,,S,adult
1177,3,"Dennis, Mr. William",male,36.0,0,0,A/5 21175,7.25,,S,adult
1186,3,"Wittevrongel, Mr. Camille",male,36.0,0,0,345771,9.5,,S,adult
1152,3,"de Messemaeker, Mr. Guillaume Joseph",male,36.5,1,0,345572,17.4,,S,adult
1073,1,"Compton, Mr. Alexander Taylor Jr",male,37.0,1,1,PC 17756,83.1583,E52,C,adult
1205,3,"Carr, Miss. Jeannie",female,37.0,0,0,368364,7.75,,Q,adult
1303,1,"Minahan, Mrs. William Edward (Lillian E Thorpe)",female,37.0,1,0,19928,90.0,C78,Q,adult
1106,3,"Andersson, Miss. Ida Augusta Margareta",female,38.0,4,2,347091,7.775,,S,adult
1239,3,"Whabee, Mrs. George Joseph (Shawneene Abi-Saab)",female,38.0,0,0,2688,7.2292,,C,adult
1293,2,"Gale, Mr. Harry",male,38.0,1,0,28664,21.0,,S,adult
1307,3,"Saether, Mr. Simon Sivertsen",male,38.5,0,0,SOTON/O.Q. 3101262,7.25,,S,adult
932,3,"Karun, Mr. Franz",male,39.0,0,1,349256,13.4167,,C,adult
1126,1,"Cumings, Mr. John Bradley",male,39.0,1,0,PC 17599,71.2833,C85,C,adult
1216,1,"Kreuchen, Miss. Emilie",female,39.0,0,0,24160,211.3375,,S,adult
1223,1,"Dulles, Mr. William Crothers",male,39.0,0,0,PC 17580,29.7,A18,C,adult
1229,3,"Elias, Mr. Joseph",male,39.0,0,2,2675,7.2292,,C,adult
1306,1,"Oliva y Ocana, Dona. Fermina",female,39.0,0,0,PC 17758,108.9,C105,C,adult
1031,3,"Goodwin, Mr. Charles Frederick",male,40.0,1,6,CA 2144,46.9,,S,adult
1066,3,"Asplund, Mr. Carl Oscar Vilhelm Gustafsson",male,40.0,1,5,347077,31.3875,,S,adult
1077,2,"Maybery, Mr. Frank Hubert",male,40.0,0,0,239059,16.0,,S,adult
1081,2,"Veal, Mr. James",male,40.0,0,0,28221,13.0,,S,adult
1169,2,"Faunthorpe, Mr. Harry",male,40.0,1,0,2926,26.0,,S,adult
1120,3,"Everett, Mr. Thomas James",male,40.5,0,0,C.A. 6212,15.1,,S,adult
920,1,"Brady, Mr. John Bertram",male,41.0,0,0,113054,30.5,A21,S,adult
934,3,"Goldsmith, Mr. Nathan",male,41.0,0,0,SOTON/O.Q. 3101263,7.85,,S,adult
1002,2,"Stanton, Mr. Samuel Ward",male,41.0,0,0,237734,15.0458,,C,adult
1056,2,"Peruschitz, Rev. Joseph Maria",male,41.0,0,0,237393,13.0,,S,adult
1137,1,"Kenyon, Mr. Frederick R",male,41.0,1,0,17464,51.8625,D21,S,adult
1020,2,"Bowenur, Mr. Solomon",male,42.0,0,0,211535,13.0,,S,adult
1036,1,"Lindeberg-Lind, Mr. Erik Gustaf (Mr Edward Lingrey"")""",male,42.0,0,0,17475,26.55,,S,adult
1050,1,"Borebank, Mr. John James",male,42.0,0,0,110489,26.55,D22,S,adult
1107,1,"Head, Mr. Christopher",male,42.0,0,0,113038,42.5,B11,S,adult
1139,2,"Drew, Mr. James Vivian",male,42.0,1,1,28220,32.5,,S,adult
992,1,"Stengel, Mrs. Charles Emil Henry (Annie May Morris)",female,43.0,1,0,11778,55.4417,C116,C,adult
1026,3,"Dintcheff, Mr. Valtcho",male,43.0,0,0,349226,7.8958,,S,adult
1194,2,"Phillips, Mr. Escott Robert",male,43.0,0,1,S.O./P.P. 2,21.0,,S,adult
1296,1,"Frauenthal, Mr. Isaac Gerald",male,43.0,1,0,17765,27.7208,D40,C,adult
1265,2,"Harbeck, Mr. William H",male,44.0,0,0,248746,13.0,,S,adult
911,3,"Assaf Khalil, Mrs. Mariana (Miriam"")""",female,45.0,0,0,2696,7.225,,C,adult
936,1,"Kimball, Mrs. Edwin Nelson Jr (Gertrude Parsons)",female,45.0,1,0,11753,52.5542,D19,S,adult
938,1,"Chevre, Mr. Paul Romaine",male,45.0,0,0,PC 17594,29.7,A9,C,adult
1133,2,"Christy, Mrs. (Alice Frances)",female,45.0,0,2,237789,30.0,,S,adult
1134,1,"Spedden, Mr. Frederic Oakley",male,45.0,1,1,16966,134.5,E34,C,adult
1201,3,"Hansen, Mrs. Claus Peter (Jennie L Howard)",female,45.0,1,0,350026,14.1083,,S,adult
1242,1,"Greenfield, Mrs. Leo David (Blanche Strouse)",female,45.0,0,1,PC 17759,63.3583,D10 D12,C,adult
1260,1,"Gibson, Mrs. Leonard (Pauline C Boeson)",female,45.0,0,1,112378,59.4,,C,adult
1267,1,"Bowen, Miss. Grace Scott",female,45.0,0,0,PC 17608,262.375,,C,adult
903,1,"Jones, Mr. Charles Cresson",male,46.0,0,0,694,26.0,,S,adult
1162,1,"McCaffry, Mr. Thomas Francis",male,46.0,0,0,13050,75.2417,C6,C,adult
1219,1,"Rosenshine, Mr. George (Mr George Thorne"")""",male,46.0,0,0,PC 17585,79.2,,C,adult
893,3,"Wilkes, Mrs. James (Ellen Needs)",female,47.0,1,0,363272,7.0,,S,adult
906,1,"Chaffee, Mrs. Herbert Fuller (Carrie Constance Toogood)",female,47.0,1,0,W.E.P. 5734,61.175,E31,S,adult
959,1,"Moore, Mr. Clarence Bloomfield",male,47.0,0,0,113796,42.4,,S,adult
1094,1,"Astor, Col. John Jacob",male,47.0,1,0,PC 17757,227.525,C62 C64,C,adult
1285,2,"Gilbert, Mr. William",male,47.0,0,0,C.A. 30769,10.5,,S,adult
916,1,"Ryerson, Mrs. Arthur Larned (Emily Maria Borie)",female,48.0,1,3,PC 17608,262.375,B57 B59 B63 B66,C,adult
1058,1,"Brandeis, Mr. Emil",male,48.0,0,0,PC 17591,50.4958,B10,C,adult
1131,1,"Douglas, Mrs. Walter Donald (Mahala Dutton)",female,48.0,1,0,PC 17761,106.425,C86,C,adult
1222,2,"Davies, Mrs. John Morgan (Elizabeth Agnes Mary White) ",female,48.0,0,2,C.A. 33112,36.75,,S,adult
1289,1,"Frolicher-Stehli, Mrs. Maxmillian (Margaretha Emerentia Stehli)",female,48.0,1,1,13567,79.2,B41,C,adult
974,1,"Case, Mr. Howard Brown",male,49.0,0,0,19924,26.0,,S,adult
1245,2,"Herman, Mr. Samuel",male,49.0,1,2,220845,65.0,,S,adult
1264,1,"Ismay, Mr. Joseph Bruce",male,49.0,0,0,112058,0.0,B52 B54 B56,S,adult
917,3,"Robins, Mr. Alexander A",male,50.0,1,0,A/5. 3337,14.5,,S,adult
922,2,"Louch, Mr. Charles Alexander",male,50.0,1,0,SC/AH 3085,26.0,,S,adult
1110,1,"Widener, Mrs. George Dunton (Eleanor Elkins)",female,50.0,1,1,113503,211.5,C80,C,adult
1247,1,"Julian, Mr. Henry Forbes",male,50.0,0,0,113044,26.0,E60,S,adult
1299,1,"Widener, Mr. George Dunton",male,50.0,1,1,113503,211.5,C80,C,adult
1283,1,"Lines, Mrs. Ernest H (Elizabeth Lindsey James)",female,51.0,0,1,PC 17592,39.4,D28,S,adult
1023,1,"Gracie, Col. Archibald IV",male,53.0,0,0,113780,28.5,C51,C,adult
1116,1,"Candee, Mrs. Edward (Helen Churchill Hungerford)",female,53.0,0,0,PC 17606,27.4458,,C,adult
1185,1,"Dodge, Dr. Washington",male,53.0,1,1,33638,81.8583,A34,S,adult
1069,1,"Stengel, Mr. Charles Emil Henry",male,54.0,1,0,11778,55.4417,C116,C,adult
1266,1,"Dodge, Mrs. Washington (Ruth Vidaver)",female,54.0,1,1,33638,81.8583,A34,S,adult
912,1,"Rothschild, Mr. Martin",male,55.0,1,0,PC 17603,59.4,,C,adult
969,1,"Cornell, Mrs. Robert Clifford (Malvina Helen Lamson)",female,55.0,2,0,11770,25.7,C101,S,adult
1132,1,"Lindstrom, Mrs. Carl Johan (Sigrid Posse)",female,55.0,0,0,112377,27.7208,,C,adult
1200,1,"Hays, Mr. Charles Melville",male,55.0,1,1,12749,93.5,B69,S,adult
1206,1,"White, Mrs. John Stuart (Ella Holmes)",female,55.0,0,0,PC 17760,135.6333,C32,C,adult
1270,1,"Hipkins, Mr. William Edward",male,55.0,0,0,680,50.0,C39,S,adult
1109,1,"Wick, Mr. George Dennick",male,57.0,1,1,36928,164.8667,,S,adult
1208,1,"Spencer, Mr. William Augustus",male,57.0,1,0,PC 17569,146.5208,B78,C,adult
1279,2,"Ashby, Mr. John",male,57.0,0,0,244346,13.0,,S,adult
1235,1,"Cardeza, Mrs. James Warburton Martinez (Charlotte Wardle Drake)",female,58.0,0,1,PC 17755,512.3292,B51 B53 B55,C,adult
1248,1,"Brown, Mrs. John Murray (Caroline Lane Lamson)",female,59.0,2,0,11769,51.4792,C101,S,adult
940,1,"Bucknell, Mrs. William Robert (Emma Eliza Ward)",female,60.0,0,0,11813,76.2917,D15,C,adult
961,1,"Fortune, Mrs. Mark (Mary McDougald)",female,60.0,1,4,19950,263.0,C23 C25 C27,S,adult
1105,2,"Howard, Mrs. Benjamin (Ellen Truelove Arman)",female,60.0,1,0,24065,26.0,,S,adult
1044,3,"Storey, Mr. Thomas",male,60.5,0,0,3701,,,S,adult
1034,1,"Ryerson, Mr. Arthur Larned",male,61.0,1,3,PC 17608,262.375,B57 B59 B63 B66,C,adult
1085,2,"Lingane, Mr. John",male,61.0,0,0,235509,12.35,,Q,adult
894,2,"Myles, Mr. Thomas Francis",male,62.0,0,0,240276,9.6875,,Q,adult
905,2,"Howard, Mr. Benjamin",male,63.0,1,0,24065,26.0,,S,adult
1006,1,"Straus, Mrs. Isidor (Rosalie Ida Blun)",female,63.0,1,0,PC 17483,221.7792,C55 C57,S,adult
1071,1,"Compton, Mrs. Alexander Taylor (Mary Eliza Ingersoll)",female,64.0,0,2,PC 17756,83.1583,E45,C,adult
1128,1,"Warren, Mr. Frank Manley",male,64.0,1,0,110813,75.25,D37,C,adult
1197,1,"Crosby, Mrs. Edward Gifford (Catherine Elizabeth Halstead)",female,64.0,1,1,112901,26.55,B26,S,adult
973,1,"Straus, Mr. Isidor",male,67.0,1,0,PC 17483,221.7792,C55 C57,S,adult
988,1,"Cavendish, Mrs. Tyrell William (Julia Florence Siegel)",female,76.0,1,0,19877,78.85,C46,S,adult
