Time,Date,Cell CI,Cell Name,CellIndex,Site Name,GBSC,Location,Region,City,Integrity,CSSR (Excl Loc Update)(%),CSSR_Non Blocking,HSR (Incoming & Outgoing),In_HSR(%),Out_HSR,DCR,Network DCR,MTBD (Mean Time between Drop),GOS-SDCCH(%),CallSetup TCH GOS(%),Mobility TCH GOS(%),U_TCH Blocking Rate (including handover),RxQual Index DL(%),RxQual Index UL(%),TCH assignment success rate (%),Immediate assignment success rate (%),SDCCH call drop rate (%),SDCCH MHT (s),TCH MHT (s),TCH Availability Rate(%),U_Call Estab Fail Ratio,U_EFR TRAFFIC,U_AMR HR TRAFFIC,900 TRAFFIC (BSC6900),1800 TRAFFIC (BSC6900),R3561:Maximum Number of Busy Channels (TCHF),R3562:Maximum Number of Busy Channels (TCHH),AR3552C:Traffic Volume on AMR TCHHs(Erl),AR3551C:Traffic Volume on AMR TCHFs(Erl),GlobelTraffic,K3004:Traffic Volume on SDCCH(Erl),Initially Configured TCH,K3016:Configured TCHs,K3015:Available TCHs,Initially Configured TCH for 1800/1900,Initially Configured TCH for 900/850,Available TCH for 1800/1900,Available TCH for 900/850,CR3000:Number of Initially Configured Channels (SDCCH),K3006:Configured SDCCHs,K3005:Available SDCCHs,U_Successful TCH seizures for MTC,A300C:Channel Requests (MTC),U_Successful TCH seizures for MOC,A300A:Channel Requests (MOC),K3040:Successful TCH Seizures,K3001:Failed SDCCH Seizures due to Busy SDCCH,K3011A:Failed TCH Seizures due to Busy TCH (Traffic Channel),K3011B:Failed TCH Seizures in TCH Handovers due to Busy TCH (Traffic Channel),A3030F:Call Setup Indications (Location Updating) (SDCCH),K3000:SDCCH Seizure Requests,K3003:Successful SDCCH Seizures,CM30:Call Drops on SDCCH,A300D:Channel Requests (Emergency Call),A300E:Channel Requests (Call Re-establishment),A300F:Channel Requests (Location Updating),A300H:Channel Requests (Packet Call),A300I:Channel Requests (LMU+Reserved),A3010:Immediate Assignment Commands (SDCCH),A3017:Immediate Assignment Commands (TCHF),A3018:Immediate Assignment Commands (TCHH),A302J:Rejects to Immediate Assignments (Circuit Service),A3030A:Call Setup Indications (MOC Non SMS) (SDCCH),A3030B:Call Setup Indications (MOC SMS) (SDCCH),A3030C:Call Setup Indications (MTC) (SDCCH),A3030D:Call Setup Indications (Emergency Call) (SDCCH),A3030E:Call Setup Indications (Call Re-establishment) (SDCCH),A3030G:Call Setup Indications (IMSI Detach) (SDCCH),A3030H:Call Setup Indications (Packet Service) (SDCCH),A3040:Call Setup Indications Timed Out (SDCCH),A3037A:Call Setup Indications (MOC Non SMS) (TCHF),A3037B:Call Setup Indications (MOC SMS) (TCHF),A3037C:Call Setup Indications (MTC) (TCHF),A3037D:Call Setup Indications (Emergency Call) (TCHF),A3037E:Call Setup Indications (Call Re-establishment) (TCHF),A3037K:Call Setup Indications (Others) (TCHF),A3037G:Call Setup Indications (IMSI Detach) (TCHF),A3037H:Call Setup Indications (Packet Service) (TCHF),A3038A:Call Setup Indications (MOC Non SMS) (TCHH),A3038C:Call Setup Indications (MTC) (TCHH),A3038E:Call Setup Indications (Call Re-establishment) (TCHH),A3038H:Call Setup Indications (Packet Service) (TCHH),A3050:Rejects to Service Requests (Congestion),A3051:Rejects to Service Requests (Network Failure),A3052:Rejects to Service Requests (Illegal MS),A3053:Rejects to Service Requests (Other Causes),K3013A:Successful TCH Seizures (Traffic Channel),U_Attempted TCH seizures meeting TCH overflow,CA303J:Call Setup Indications (Circuit Service),CA300J:Channel Requests (Circuit Service),K3010A:TCH Seizure Requests (Traffic Channel),A3047:Call Setup Indications Timed Out (TCHF),A3048:Call Setup Indications Timed Out (TCHH),HO Dist PBGT(%),U_Ho Req Dl Quality Ratio,U_Ho Req Ul Quality Ratio,U_Ho Req Distance Ratio,U_Ho Req Dl Level Ratio,U_Ho Req Ul Level Ratio,U_Ho Req Interz Largerz Ratio,U_Ho Req Interz Smallerz Ratio,CH322:Number of Unsuccessful Incoming Internal Inter-Cell Handovers,U_Successful inter cell Handovers,U_Cell Handovers,CH340:Incoming External Inter-Cell Handover Requests,CH343:Successful Incoming External Inter-Cell Handovers,CH3429A:Number of Failed Incoming External Inter-Cell Handovers(TCH),H3229A:Number of Unsuccessful Incoming Internal Inter-Cell Handovers (No Channel Available) (TCH),H3009:Internal Intra-Cell Handover Requests (TCH),CH303:Successful Internal Intra-Cell Handovers,CH302A:Failed Internal Intra-Cell Handovers (No Channel Available),CH323:Number of Successful Incoming Internal Inter-Cell Handovers,CH320:Number of Incoming Internal Inter-Cell Handover Requests,AS325A:Mean Strength of Uplink Signals(dB),AS325B:Mean Strength of Downlink Signals(dB),AS326A:Mean Quality of Uplink Signals,AS326B:Mean Quality of Downlink Signals,CM33:Call Drops on Traffic Channel,CM337:Call Drops after Answer,CM330:Call Drops on Radio Interface in Stable State (Traffic Channel),CM331:Call Drops on Radio Interface in Handover State (Traffic Channel),CM33C:Call Drops on Radio Interface (Traffic Channel),CM3301:Call Drops on Traffic Channel in Stable State (Connection Failure),CM3300:Call Drops on Traffic Channel in Stable State (Error Indication),CM3302:Call Drops on Traffic Channel in Stable State (Release Indication),CM332:Call Drops Due to No MR from MS for a Long Time (Traffic Channel),CM333:Call Drops due to Abis Terrestrial Link Failure (Traffic Channel),CM334:Call Drops due to Equipment Failure (Traffic Channel),CM335:Call Drops due to Forced Handover (Traffic Channel),CM330A:Call Drops on the Traffic Channels on the TRX in the Underlaid Subcell,CM330B:Call Drops on the Traffic Channels on the TRX in the Overlaid Subcell,RM327:Call Drop Rate on TCHH per cell(%),RM317:Call Drop Rate on TCHF per cell(%),RM330:Call Drop Rate on TCH on the TRX in the Underlaid Subcell(%),RM330a:Call Drop Rate on TCH on the TRX in the OverLaid Subcell(%),RM3275:Call Drops on Traffic Channel (TCHH),RM3175:Call Drops on Traffic Channel (TCHF),M3030A:Call Drops on TCH(TA),M3030B:Call Drops on TCH(Uplink Received Level),M3030C:Call Drops on TCH(Downlink Received Level),M3030D:Call Drops on TCH(Uplink and Downlink Received Level),M3030E:Call Drops on TCH(Uplink FER),M3030F:Call Drops on TCH(Downlink FER),M3030G:Call Drops on TCH(Uplink and Downlink FER),M3030H:Call Drops on TCH(Uplink Quality),M3030I:Call Drops on TCH(Downlink Quality),M3030J:Call Drops on TCH(Uplink and Downlink Quality),M3030K:Call Drops on TCH(Other),M3030L:CS handover times caused by PS preempt,M3030M:CS call drop times caused by PS preempt,M3031A:Call Drops on TCH(TA)(Overlaid Subcell),M3031B:Call Drops on TCH(Uplink Received Level)(Overlaid Subcell),M3031C:Call Drops on TCH(Downlink Received Level)(Overlaid Subcell),M3031D:Call Drops on TCH(Uplink and Downlink Received Level)(Overlaid Subcell),M3031E:Call Drops on TCH(Uplink FER)(Overlaid Subcell),M3031F:Call Drops on TCH(Downlink FER)(Overlaid Subcell),M3031G:Call Drops on TCH(Uplink and Downlink FER)(Overlaid Subcell),M3031H:Call Drops on TCH(Uplink Quality)(Overlaid Subcell),M3031I:Call Drops on TCH(Downlink Quality)(Overlaid Subcell),M3031J:Call Drops on TCH(Uplink and Downlink Quality)(Overlaid Subcell),M3031K:Call Drops on TCH(Other)(Overlaid Subcell),A349A:RACH Failures (Too High TA),AS3280:Mean Distance Between MS and BTS,Mean Number of TCH in Interference Band 1,Mean Number of TCH in Interference Band 2,Mean Number of TCH in Interference Band 3,Mean Number of TCH in Interference Band 4,Mean Number of TCH in Interference Band 5,AS4207A:Mean Number of TCHFs in Interference Band 1,AS4207B:Mean Number of TCHFs in Interference Band 2,AS4207C:Mean Number of TCHFs in Interference Band 3,AS4207D:Mean Number of TCHFs in Interference Band 4,AS4207E:Mean Number of TCHFs in Interference Band 5,AS4208A:Mean Number of TCHHs in Interference Band 1,AS4208B:Mean Number of TCHHs in Interference Band 2,AS4208C:Mean Number of TCHHs in Interference Band 3,AS4208D:Mean Number of TCHHs in Interference Band 4,AS4208E:Mean Number of TCHHs in Interference Band 5,S4210A:Uplink Interference Indication Messages (SDCCH),S4210B:Downlink Interference Indication Messages (SDCCH),S4219A:Uplink Interference Indication Messages (TCH),S4219B:Downlink Interference Indication Messages (TCH),S4233A:Number of Retransmitted Downlink FACCH Frames,Drops/Erlang,HO per Call_South,SUBSCRIBER_QOS,Daily MoUs(Hourly),R373:Cell Out-of-Service Duration(s),L9A03:Number of Received Check Error TRAU Frames,L9A02:Number of Received Out-of-Synchronization TRAU Frames,L9A05:Number of Sent Empty TRAU Frames,RL9A08:Rate of Transmitted Error Frames(%),_CallSetup TCH GOS(%)_D,_CallSetup TCH GOS(%)_N,_GOS-SDCCH(%)_D,_GOS-SDCCH(%)_N,_Mobility TCH GOS(%)_D,_Mobility TCH GOS(%)_N,_DCR_D,_DCR_N,_RxQual Index DL_1,_RxQual Index DL_2,_RxQual Index UL_1,_RxQual Index UL_2,_HSR%_D,_HSR%_N,_CSSR_Call Drops on SDCCH_N_2,_CSSR_Successful SDCCH Seizures_D_2,_CSSR_Successful TCH Seizures (Traffic Channel)_N_3,_CSSR_TCH Seizure Requests (Traffic Channel)_D_3,_Cssr_Channel Requests (Circuit Service)_D_1,_cssr_Call Setup Indications (Circuit Service)_N_1,Interference Band Proportion (4~5)(%),Interference Band 345,R3560:Maximum Number of Busy Channels (SDCCH)
2019-08-09 12:00:00,8/2/2019,23010,23010_PTCL Exchange Baghban (Gold) Lahore-Z1 (3G-CI-4184),103,3010_PTCL Exchange Baghban (Gold) Lahore-Z1 (3G-CI-4184),HLHRBSC08,LAHORE_CLUSTER_03_Urban,CENTER01,LAHORE_City,100%,99.1567,99.5295,97.7778,95.6835,100,0.0,0.0,/0,0.0,0,0,0.0,98.38799999999999,98.7823,99.7214,97.5049,0.2202,4.4205,68.5367,100,0.2509,0.1472,14.3597,8.9306,5.5764,1,25,14.3458,0.1472,14.5069,5.0197,18,33.8264,33.8264,8,10,15.2028,18.6236,31,31.0,31.0,143,423,215,1041,762,0,0,0,2526,4088,4088,9,0,1,2623,1595,0,4088,0,0,0,221,765,421,0,0,27,0,102,0,0,0,0,0,0,0,0,0,0,0,0,4,1,0,0,358,0,3986,4088,359,0,0,41.2214,9.9237,0,0,32.8244,9.9237,73.3083,10.9023,3,264,270,113,110,3,0,266,266,0,23,26,16.7045,21.1458,0.6896,0.5145,0,0,0,0,0,0,0,0,0,0,0,0,0,0,0,0,0.0,0,0,0,0,0,0,0,0,0,0,0,0,0,0,0,0,0,0,0,0,0,0,0,0,0,0,0,1,0.9862,16.4134,1.1773,0.1814,0.0667,0.0107,1.9097,0.1043,0.0,0.0,0.0,14.5037,1.0731,0.1814,0.0667,0.0107,11,9,33,24,720,0.0,0.3659,99.1147,870.4164,0,0,0,0,0.0,359,0,4088,0,139,0,496,0,91061,92553,91426,92553,270,264,9,3986,358,359,1465,1460,0.4333,1.4496,13
2019-08-09 12:00:00,8/2/2019,13007,13007_Rana Ice Factory (Gold) Lahore-Z1 (3G-CI-4828),83,3007_Rana Ice Factory (Gold) Lahore-Z1 (3G-CI-4828),HLHRBSC08,LAHORE_CLUSTER_01_Urban,CENTER01,SHAHDARA_City,100%,98.1851,99.65,98.7455,100,97.7707,0.1129,0.1558,790.9998,0.0,0,0,0.0,95.8446,98.2805,98.7692,99.3913,0.0,4.2562,48.5276,100,0.35,0.0306,13.1528,4.7278,8.4556,1,27,13.0083,0.0306,13.1833,2.7192,20,38.5056,38.5056,16,4,30.5056,8.0,15,15.0,15.0,263,849,379,841,978,0,0,10,605,2300,2300,0,1,0,609,2882,0,2300,0,0,0,393,367,846,0,0,39,0,14,0,0,0,0,0,0,0,0,0,0,0,0,0,0,0,0,642,10,2286,2300,650,0,0,56.5079,1.2698,1.5873,0,18.4127,19.3651,46.0784,48.0392,0,551,558,0,0,0,0,102,92,10,244,244,15.8059,22.0461,0.6394,0.7611,1,0,1,0,1,1,0,0,0,0,0,0,1,0,0.1027,0,0.2793,0,1,0,0,0,0,0,0,0,0,0,1,0,0,0,0,0,0,0,0,0,0,0,0,0,0,0,0,0.9331,23.0782,0.2527,0.0346,0.008,0.0133,1.4569999999999999,0.0,0.0,0.0,0.0,21.6212,0.2527,0.0346,0.008,0.0133,1,13,29,23,892,0.0759,0.4782,99.9436,790.9998,0,27,185,252,0.1295,650,0,2300,0,244,0,886,1,70234,73279,72019,73279,558,551,0,2286,642,650,1691,1681,0.091,0.2388,12
2019-08-09 12:00:00,8/2/2019,23041,23041_Shad Bagh Lahore-Z1 (3G-CI-4199),90,3041_Shad Bagh Lahore-Z1 (3G-CI-4199),HLHRBSC08,LAHORE_CLUSTER_03_Urban,CENTER01,LAHORE_City,100%,98.8827,99.5037,99.3007,98.6301,100,0.0,0.0,/0,0.0,0,0,0.0,98.7917,99.2971,98.8827,100.0,0.0,3.8585,52.8854,100,0.4963,0.1361,3.5806,3.7167,0.0,1,9,3.5597,0.1361,3.7167,0.4319,11,20.0,20.0,0,11,0.0,20.0,15,15.0,15.0,52,139,124,183,253,0,0,0,80,403,403,0,0,1,80,438,0,403,0,0,0,130,35,139,0,1,11,0,0,0,0,0,0,0,0,0,0,0,0,0,0,0,0,0,0,177,0,403,403,179,0,0,95.7143,0,2.8571,0,0,0,0,0,1,142,143,0,0,0,0,3,3,0,72,73,16.5817,21.6444,0.4794,0.4985,0,0,0,0,0,0,0,0,0,0,0,0,0,0,0,0,0.0,/0,0,0,0,0,0,0,0,0,0,0,0,0,0,0,0,0,0,0,0,0,0,0,0,0,0,0,4,0.9061,15.3803,0.266,0.0213,0.0106,0.0319,1.8085,0.0319,0.0027,0.0,0.0106,13.5718,0.2341,0.0186,0.0106,0.0213,0,0,11,1,130,0.0,0.3955,99.726,223.0002,0,63,165,124,0.064,179,0,403,0,73,0,250,0,21503,21766,21613,21766,143,142,0,403,177,179,323,323,0.2709,0.4064,4
2019-08-09 12:00:00,8/2/2019,13107,13107_Shahdra Machis Factory Lahore-Z1 (3G-CI-4831),172,3107_Shahdra Machis Factory Lahore-Z1 (3G-CI-4831),HLHRBSC08,LAHORE_CLUSTER_01_Urban,CENTER01,SHAHDARA_City,100%,97.76,99.6181,99.0909,98.1982,100,0.0,0.0,/0,0.0,0,0,0.0,98.3703,99.71600000000001,99.5614,98.4868,0.1261,4.1236,59.8973,100,0.2561,0.2097,5.4639,5.6736,0.0,1,12,5.4514,0.2097,5.6736,0.9083,12,21.6944,21.6944,0,12,0.0,21.6945,15,15.0,15.0,103,327,124,267,341,0,0,0,197,793,793,1,0,0,199,497,0,793,0,0,0,129,90,320,0,0,22,0,12,0,0,0,0,0,0,0,0,0,0,0,0,0,0,0,0,227,0,781,793,228,0,0,90.8257,3.6697,0,0,0,0,0,0,2,218,220,0,0,0,0,3,3,0,109,111,19.9543,27.9472,0.3249,0.5978,0,0,0,0,0,0,0,0,0,0,0,0,0,0,0,0,0.0,/0,0,0,0,0,0,0,0,0,0,0,0,0,0,0,0,0,0,0,0,0,0,0,0,0,0,0,0,1.0355,14.1493,1.12,0.04,0.0027,0.0027,1.976,0.1093,0.0027,0.0,0.0027,12.1733,1.0107,0.0373,0.0027,0.0,0,3,8,47,438,0.0,0.4802,99.627,340.4166,0,9,123,82,0.0749,228,0,793,0,111,0,338,0,34286,34854,34755,34854,220,218,1,781,227,228,594,584,0.0349,0.2961,7
2019-08-09 12:00:00,8/2/2019,33107,33107_Shahdra Machis Factory Lahore-Z1 (3G-CI-4831),174,3107_Shahdra Machis Factory Lahore-Z1 (3G-CI-4831),HLHRBSC08,LAHORE_CLUSTER_01_Urban,CENTER01,SHAHDARA_City,100%,100.0,100.0,100,100,100,0.0,0.0,/0,0.0,0,0,0.0,99.1933,99.8694,100.0,98.7786,0.0,4.1252,79.6535,100,0.0,0.0111,6.6931,1.9222,4.7819,1,15,6.6653,0.0111,6.7042,0.7506,20,36.0,36.0,16,4,29.0,7.0,15,15.0,15.0,74,235,92,234,303,0,0,0,178,655,655,0,0,0,186,265,0,655,0,0,0,98,111,235,0,0,10,0,8,0,0,0,0,0,0,0,0,0,0,0,0,0,0,0,0,166,0,647,655,166,0,0,81.1321,0.9434,0,0,5.6604,11.3208,77.0833,20.8333,0,195,195,0,0,0,0,48,48,0,89,89,17.5546,24.741,0.1615,0.2314,0,0,0,0,0,0,0,0,0,0,0,0,0,0,0,0,0.0,0,0,0,0,0,0,0,0,0,0,0,0,0,0,0,0,0,0,0,0,0,0,0,0,0,0,0,0,0.9403,28.4053,0.1333,0.008,0.0,0.0,3.9867,0.0027,0.0,0.0,0.0,24.4187,0.1307,0.008,0.0,0.0,0,0,3,4,175,0.0,0.6386,100,402.2502,0,127,524,742,0.3641,166,0,655,0,89,0,255,0,43284,43636,43579,43636,195,195,0,647,166,166,469,469,0.0,0.027999999999999997,6
2019-08-09 12:00:00,8/2/2019,23114,23114_Imamia Colony Shahdara Sheikhupura (3G-CI-4833),24,3114_Imamia Colony Shahdara Sheikhupura (3G-CI-4833),HLHRBSC08,LAHORE_CLUSTER_01_Urban,CENTER01,SHAHDARA_City,100%,97.3526,99.4186,100,100,100,0.0,0.0,/0,0.0,0,0,0.0,98.8444,98.3628,97.9058,99.1354,0.0,4.1758,96.89,100,0.5814,7.8319,0.0,0.2875,7.5444,15,0,0.0,7.8319,7.8319,0.805,24,21.825,21.825,16,8,17.0,4.825,31,31.0,31.0,83,258,104,273,291,0,0,0,160,694,694,0,0,0,163,484,0,694,0,0,0,113,131,258,0,0,16,0,6,0,0,0,0,0,0,0,0,0,0,0,0,0,0,0,0,187,0,688,694,191,0,0,49.4737,1.0526,0,0,13.6842,35.7895,100,0,0,197,197,0,0,0,0,2,2,0,102,102,11.1937,20.5841,0.5041,0.3828,0,0,0,0,0,0,0,0,0,0,0,0,0,0,/0,0,0.0,0,0,0,0,0,0,0,0,0,0,0,0,0,0,0,0,0,0,0,0,0,0,0,0,0,0,0,0,0.9159,14.0263,0.032,0.0,0.0,0.0,12.0263,0.032,0.0,0.0,0.0,2.0,0.0,0.0,0.0,0.0,0,0,0,0,182,0.0,0.508,100,469.9164,0,171,189,478262,0.0326,191,0,694,0,102,0,289,0,50293,50881,50048,50881,197,197,0,688,187,191,531,528,0.0,0.0,5
2019-08-09 12:00:00,8/3/2019,23010,23010_PTCL Exchange Baghban (Gold) Lahore-Z1 (3G-CI-4184),103,3010_PTCL Exchange Baghban (Gold) Lahore-Z1 (3G-CI-4184),HLHRBSC08,LAHORE_CLUSTER_03_Urban,CENTER01,LAHORE_City,100%,97.7351,99.109,97.4359,95.2381,100,0.3636,0.4963,447.1251,0.0,0,0,0.0,98.7644,99.3343,98.2927,97.5126,0.3518,4.8236,58.1942,100,0.5411,0.3125,14.5917,9.1417,5.7625,1,24,14.3819,0.3125,14.9042,5.3328,18,35.0,35.0,8,10,16.0,19.0,31,31.0,31.0,155,511,248,453,922,0,0,0,2918,3980,3980,14,0,1,3015,1799,0,3980,0,0,0,265,141,512,0,0,11,0,99,0,0,0,0,0,0,0,0,0,0,0,0,0,0,0,0,403,0,3881,3980,410,0,0,65.0794,4.7619,0.7937,0,19.8413,6.3492,68.9008,19.571,0,266,273,125,118,7,0,373,372,0,22,22,17.8757,21.9677,0.6827,0.5071,2,0,2,0,2,1,1,0,0,0,0,0,1,1,0.2183,0,0.1475,0.3906,2,0,0,1,0,0,0,0,0,0,0,0,1,0,0,0,0,0,0,0,0,0,0,0,0,1,0,0.8542,16.1007,1.6159,0.4485,0.0294,0.0187,0.5887,0.086,0.0027,0.0027,0.0,15.512,1.5299,0.4458,0.0267,0.0187,47,17,36,44,688,0.1342,0.3127,98.8306,894.2502,0,0,0,0,0.0,410,0,3980,0,147,0,550,2,93760,94933,94301,94933,273,266,14,3881,403,410,965,963,0.2637,2.7260000000000004,16
2019-08-09 12:00:00,8/3/2019,13107,13107_Shahdra Machis Factory Lahore-Z1 (3G-CI-4831),172,3107_Shahdra Machis Factory Lahore-Z1 (3G-CI-4831),HLHRBSC08,LAHORE_CLUSTER_01_Urban,CENTER01,SHAHDARA_City,100%,96.7774,99.524,98.2278,97.4619,98.9899,0.7212,1.3636,121.1666,0.0,0,0,0.0,97.0191,99.7233,99.0991,97.7752,0.1171,4.4649,51.9285,100,0.3593,0.1403,5.9181,6.0583,0.0,1,13,5.7556,0.0708,6.0583,1.0592,12,22.0,22.0,0,12,0.0,22.0,15,15.0,15.0,82,306,137,322,420,0,0,0,220,854,854,1,0,1,225,563,0,854,0,0,0,145,139,300,0,1,9,0,19,0,0,0,0,0,0,0,0,0,0,0,0,1,0,0,0,220,0,835,854,222,0,0,92.9293,2.0202,0.5051,0,0,1.0101,0,0,5,388,395,0,0,0,0,4,4,0,192,197,20.0926,28.6965,0.375,0.7865,3,0,2,1,3,1,1,0,0,0,0,0,2,0,0.7246,0,0.4695,/0,3,0,0,1,0,0,0,0,0,0,0,0,2,0,0,0,0,0,0,0,0,0,0,0,0,0,0,1.0596,14.696,0.3413,0.04,0.0107,0.0027,1.8,0.0373,0.008,0.0027,0.0,12.895999999999999,0.304,0.032,0.008,0.0027,1,7,10,83,552,0.4952,0.8909,99.1201,363.4998,0,2,0,0,0.0011,222,0,854,0,197,0,416,3,35411,36499,36398,36499,395,388,1,835,220,222,629,615,0.0884,0.3535,8
2019-08-09 12:00:00,8/3/2019,23114,23114_Imamia Colony Shahdara Sheikhupura (3G-CI-4833),24,3114_Imamia Colony Shahdara Sheikhupura (3G-CI-4833),HLHRBSC08,LAHORE_CLUSTER_01_Urban,CENTER01,SHAHDARA_City,100%,96.6826,99.2298,99.5984,100,99.1803,0.5571,0.8621,318.3333,0.0,0,0,0.0,98.6487,98.6501,97.479,98.3586,0.0,4.4053,103.2432,100,0.7702,9.9097,0.7014,1.0417,9.5694,15,8,0.7014,9.9097,10.6111,0.9692,24,21.6014,21.6014,16,8,17.4014,4.2,31,31.0,31.0,105,285,126,326,370,0,0,0,172,792,792,0,1,0,180,870,0,792,0,0,0,133,163,284,1,0,11,0,13,0,0,0,0,0,0,0,0,0,0,0,0,0,0,0,0,232,0,779,792,238,0,0,59.0164,1.6393,0,0,6.5574,32.7869,63.6364,27.2727,0,248,249,0,0,0,0,11,11,0,127,127,11.8922,21.2973,0.4096,0.5195,2,1,2,0,2,2,0,0,0,0,0,0,0,2,0,0.5666,0.0,0.5479,0,2,0,1,0,1,0,0,0,0,0,0,0,0,0,0,1,0,1,0,0,0,0,0,0,0,0,0.8025,11.4683,0.027999999999999997,0.0111,0.0,0.0,9.0599,0.027999999999999997,0.0111,0.0,0.0,2.4084,0.0,0.0,0.0,0.0,0,0,0,0,416,0.1885,0.5216,99.7214,636.6666,0,137,157,459732,0.0236,238,0,792,0,127,0,359,2,68914,69858,68915,69858,249,248,0,779,232,238,612,607,0.0,0.0965,6
2019-08-09 12:00:00,8/3/2019,33107,33107_Shahdra Machis Factory Lahore-Z1 (3G-CI-4831),174,3107_Shahdra Machis Factory Lahore-Z1 (3G-CI-4831),HLHRBSC08,LAHORE_CLUSTER_01_Urban,CENTER01,SHAHDARA_City,100%,97.3194,99.4872,100,100,100,0.0,0.0,/0,0.0,0,0,0.0,97.4657,99.6139,97.6471,99.2366,0.0,4.1514,41.4567,100,0.5128,0.1542,4.2333,1.5083,2.8792,1,14,4.2333,0.1542,4.3875,0.9064,20,36.425,36.425,16,4,29.0,7.425,15,15.0,15.0,75,277,91,319,381,0,0,0,186,786,786,0,0,0,190,360,0,786,0,0,0,97,192,278,0,0,18,0,6,0,0,0,0,0,0,0,0,0,0,0,0,0,0,0,0,166,0,780,786,170,0,0,85.9155,0,0.7042,0,5.6338,7.0423,53.6232,39.1304,0,288,288,0,0,0,0,69,68,0,146,146,18.172,25.33,0.2965,0.4233,0,0,0,0,0,0,0,0,0,0,0,0,0,0,0,0,0.0,0,0,0,0,0,0,0,0,0,0,0,0,0,0,0,0,0,0,0,0,0,0,0,0,0,0,0,0,0.885,31.024,0.1493,0.0027,0.0,0.0,3.3653,0.0373,0.0,0.0,0.0,27.6587,0.11199999999999999,0.0027,0.0,0.0,0,0,10,3,317,0.0,0.8554,100,263.25,0,13,0,0,0.0073,170,0,786,0,146,0,313,0,25998,26674,26571,26674,288,288,0,780,166,170,596,594,0.0,0.0086,12
2019-08-09 12:00:00,8/3/2019,13007,13007_Rana Ice Factory (Gold) Lahore-Z1 (3G-CI-4828),83,3007_Rana Ice Factory (Gold) Lahore-Z1 (3G-CI-4828),HLHRBSC08,LAHORE_CLUSTER_01_Urban,CENTER01,SHAHDARA_City,100%,98.6777,99.8299,99.4949,100,99.1342,0.1339,0.1718,633.1668,0.3928,0,0,0.0,96.9316,98.8778,99.4872,98.9899,0.0,4.169,46.5564,100,0.1701,0.0583,10.4945,4.5014,6.0514,1,26,10.4903,0.0583,10.5528,2.0556,20,38.5264,38.5264,16,4,30.5264,8.0,15,15.0,15.0,235,630,347,722,816,7,0,4,423,1782,1775,0,0,0,430,1590,0,1775,0,0,7,361,250,629,0,0,26,0,11,0,0,0,0,0,0,0,0,0,0,0,0,0,0,0,0,582,4,1764,1782,585,0,0,59.7403,3.0303,2.1645,0,20.7792,10.3896,53.4247,41.0959,0,394,396,0,0,0,0,73,69,4,165,165,17.0354,23.2838,0.4862,0.5864,1,1,1,0,1,1,0,0,0,0,0,0,1,0,0.1232,0,0.3215,0,1,0,0,0,0,0,0,0,0,0,0,1,0,0,0,0,0,0,0,0,0,0,0,0,0,0,0,0.8584,25.9786,0.2027,0.0373,0.0027,0.0,1.4048,0.0,0.0,0.0,0.0,24.5737,0.2027,0.0373,0.0027,0.0,1,17,28,23,593,0.0948,0.3935,99.8938,633.1668,0,0,0,0,0.0,585,0,1782,7,165,0,747,1,54935,56674,56038,56674,396,394,0,1764,582,585,1352,1341,0.0102,0.1525,15
2019-08-09 12:00:00,8/3/2019,23041,23041_Shad Bagh Lahore-Z1 (3G-CI-4199),90,3041_Shad Bagh Lahore-Z1 (3G-CI-4199),HLHRBSC08,LAHORE_CLUSTER_03_Urban,CENTER01,LAHORE_City,100%,99.6212,100.0,99.4083,100,98.8764,0.0,0.0,/0,0.0,0,0,0.0,99.6684,99.6269,100.0,98.5915,0.0,4.1211,78.6634,100,0.0,0.0,4.4139,4.4139,0.0,0,11,4.4139,0.0,4.4139,0.4064,11,20.0,20.0,0,11,0.0,20.0,15,15.0,15.0,56,120,66,144,202,0,0,0,87,355,355,0,0,0,91,373,0,355,0,0,0,66,20,120,0,0,6,0,5,0,0,0,0,0,0,0,0,0,0,0,0,0,0,0,0,122,0,350,355,122,0,0,98.8764,0,1.1236,0,0,0,/0,/0,0,168,169,0,0,0,0,0,0,0,80,80,18.0163,21.921999999999997,0.2352,0.2973,0,0,0,0,0,0,0,0,0,0,0,0,0,0,0,/0,0.0,/0,0,0,0,0,0,0,0,0,0,0,0,0,0,0,0,0,0,0,0,0,0,0,0,0,0,0,3,0.8991,14.8159,0.2719,0.0107,0.0,0.0,1.976,0.0133,0.0107,0.0,0.0,12.8398,0.2586,0.0,0.0,0.0,1,2,3,1,113,0.0,0.7213,100,264.8334,0,40,7,0,0.0132,122,0,355,0,80,0,202,0,28851,28947,28839,28947,169,168,0,350,122,122,264,263,0.0,0.0706,4
2019-08-09 12:00:00,8/4/2019,23114,23114_Imamia Colony Shahdara Sheikhupura (3G-CI-4833),24,3114_Imamia Colony Shahdara Sheikhupura (3G-CI-4833),HLHRBSC08,LAHORE_CLUSTER_01_Urban,CENTER01,SHAHDARA_City,100%,98.0308,99.5429,98.0392,96.9697,99.187,0.0,0.0,/0,0.0,0,0,0.0,99.1828,99.3919,98.556,99.2063,0.0,4.0896,91.7962,100,0.4571,9.5917,0.9139,1.1014,9.4042,15,7,0.9139,9.5903,10.5056,1.0019,24,21.2194,21.2194,16,8,18.6181,2.6014,31,31.0,31.0,103,257,170,306,412,0,0,0,315,882,882,0,0,0,319,1169,0,882,0,0,0,176,94,257,0,0,23,0,7,0,0,0,0,0,0,0,0,0,0,0,0,0,0,0,0,273,0,875,882,277,0,0,56.9106,0,0,0,17.0732,26.0163,54.5455,36.3636,4,250,255,0,0,0,0,11,11,0,128,132,13.7097,22.2422,0.3003,0.3476,0,0,0,0,0,0,0,0,0,0,0,0,0,0,0,0,0.0,0,0,0,0,0,0,0,0,0,0,0,0,0,0,0,0,0,0,0,0,0,0,0,0,0,0,0,0,0.8439,10.9154,0.0329,0.0,0.0,0.0,6.3992,0.0196,0.0,0.0,0.0,4.5161,0.0134,0.0,0.0,0.0,0,0,0,0,343,0.0,0.4469,99.3939,630.3336,0,78,75,375256,0.01,277,0,882,0,132,0,401,0,67356,67911,67498,67911,255,250,0,875,273,277,563,560,0.0,0.0,9
2019-08-09 12:00:00,8/4/2019,33107,33107_Shahdra Machis Factory Lahore-Z1 (3G-CI-4831),174,3107_Shahdra Machis Factory Lahore-Z1 (3G-CI-4831),HLHRBSC08,LAHORE_CLUSTER_01_Urban,CENTER01,SHAHDARA_City,100%,99.447,99.7794,99.6516,99.3103,100,0.0,0.0,/0,0.0,0,0,0.0,98.7295,96.8919,100.0,98.9023,0.1098,4.0296,47.0472,100,0.111,0.0431,5.2236,1.8931,3.3736,1,16,5.1917,0.0431,5.2667,1.0197,20,37.5,37.5,16,4,30.0,7.5,15,15.0,15.0,94,318,101,360,403,0,0,0,226,911,911,1,0,0,233,879,0,911,0,0,0,102,228,315,0,0,15,0,10,0,0,0,0,0,0,0,0,0,0,0,0,1,0,0,0,195,0,901,911,195,0,0,59.8592,0.7042,3.5211,0,11.2676,24.6479,62.5,31.25,1,286,287,0,0,0,0,64,64,0,144,145,19.4329,26.0293,0.4374,0.3015,0,0,0,0,0,0,0,0,0,0,0,0,0,0,0,0,0.0,0,0,0,0,0,0,0,0,0,0,0,0,0,0,0,0,0,0,0,0,0,0,0,0,0,0,0,0,0.7489,31.12,0.2,0.0027,0.0,0.0027,2.3813,0.055999999999999994,0.0027,0.0,0.0027,28.7387,0.14400000000000002,0.0,0.0,0.0,0,2,14,1,149,0.0,0.7282,99.8511,316.0002,0,3,0,0,0.0017,195,0,911,0,145,0,339,0,31162,31563,30582,31563,287,286,1,901,195,195,678,675,0.0085,0.017,8
2019-08-09 12:00:00,8/4/2019,23041,23041_Shad Bagh Lahore-Z1 (3G-CI-4199),90,3041_Shad Bagh Lahore-Z1 (3G-CI-4199),HLHRBSC08,LAHORE_CLUSTER_03_Urban,CENTER01,LAHORE_City,100%,100.0,100.0,98.4456,100,96.9388,0.0,0.0,/0,0.0,0,0,0.0,99.1424,99.5117,100.0,99.7462,0.0,5.1838,67.971,100,0.0,0.0,3.9083,3.9083,0.0,0,11,3.9083,0.0,3.9083,0.5673,11,20.0,20.0,0,11,0.0,20.0,15,15.0,15.0,59,99,53,115,207,0,0,0,179,394,394,0,0,0,180,619,0,394,0,0,0,54,26,99,0,0,9,0,1,0,0,0,0,0,0,0,0,0,0,0,0,0,0,0,0,112,0,393,394,112,0,0,100,0,0,0,0,0,/0,/0,0,190,193,0,0,0,0,0,0,0,95,95,16.7728,23.2922,0.2848,0.4255,0,0,0,0,0,0,0,0,0,0,0,0,0,0,0,/0,0.0,/0,0,0,0,0,0,0,0,0,0,0,0,0,0,0,0,0,0,0,0,0,0,0,0,0,0,0,1,0.9384,15.3106,0.3017,0.024,0.0027,0.0,1.976,0.024,0.0027,0.0,0.0,13.3346,0.2777,0.0214,0.0027,0.0,0,1,0,6,171,0.0,0.8482,100,234.4998,0,21,2,0,0.0065,112,0,394,0,95,0,207,0,24160,24369,24250,24369,193,190,0,393,112,112,214,214,0.0171,0.1707,4
2019-08-09 12:00:00,8/4/2019,23010,23010_PTCL Exchange Baghban (Gold) Lahore-Z1 (3G-CI-4184),103,3010_PTCL Exchange Baghban (Gold) Lahore-Z1 (3G-CI-4184),HLHRBSC08,LAHORE_CLUSTER_03_Urban,CENTER01,LAHORE_City,100%,98.382,99.1592,98.6667,97.4138,100,0.17300000000000001,0.2165,824.9166,0.0,0,0,0.0,98.3562,98.9939,98.9293,98.2249,0.3497,4.6964,59.2754,100,0.4929,0.0042,13.7444,8.5875,5.1611,1,26,13.7083,0.0042,13.7486,4.8503,18,34.0,34.0,8,10,15.0,19.0,31,31.0,31.0,179,498,282,511,835,0,0,0,2644,3718,3718,13,0,1,2708,1867,0,3718,0,0,0,296,167,496,0,1,18,0,66,0,0,0,0,0,0,0,0,0,0,0,0,0,0,0,1,462,0,3652,3718,467,0,0,61.4679,4.5872,1.8349,0,25.6881,3.6697,79.845,6.5891,0,222,225,93,90,3,0,258,257,0,23,23,17.8484,21.822,0.6645,0.4956,1,0,1,0,1,1,0,0,0,0,0,0,1,0,0.1199,0,0.155,0,1,0,0,0,0,0,0,0,0,0,0,0,1,0,0,0,0,0,0,0,0,0,0,0,0,0,4,0.9126,16.8187,1.328,0.3253,0.0427,0.008,1.8933,0.096,0.0053,0.0,0.0,14.9253,1.232,0.32,0.0427,0.008,13,15,36,33,500,0.0727,0.2359,99.3613,824.9166,0,1,0,0,0.0006,467,0,3718,0,116,0,578,1,82512,83891,83047,83891,225,222,13,3652,462,467,1010,1008,0.2736,2.0299,16
2019-08-09 12:00:00,8/4/2019,13107,13107_Shahdra Machis Factory Lahore-Z1 (3G-CI-4831),172,3107_Shahdra Machis Factory Lahore-Z1 (3G-CI-4831),HLHRBSC08,LAHORE_CLUSTER_01_Urban,CENTER01,SHAHDARA_City,100%,97.9354,99.81200000000001,97.2789,99.0385,95.7082,0.6682,1.2397,151.6666,0.0,0,0,0.0,95.4067,99.7125,99.1803,98.7013,0.0,4.2564,60.5321,100,0.188,0.0111,7.5722,7.5833,0.0,1,17,7.4486,0.0111,7.5833,1.2746,12,22.0,22.0,0,12,0.0,22.0,15,15.0,15.0,91,342,151,372,451,0,0,0,356,1078,1078,0,0,3,361,694,0,1078,0,0,0,167,150,342,0,3,25,0,14,0,0,0,0,0,0,0,0,0,0,0,0,0,0,0,3,242,0,1064,1078,244,0,0,87.5536,5.1502,0,0,0,1.7167,0,0,2,429,441,0,0,0,0,2,2,0,206,208,18.9463,26.7696,0.28300000000000003,0.9165,3,0,2,1,3,2,0,0,0,0,0,0,2,0,0.6682,0,0.4283,/0,3,0,0,1,0,0,0,0,0,0,1,0,1,0,0,0,0,0,0,0,0,0,0,0,0,0,0,1.1952,12.4396,0.9646,0.1531,0.0,0.0,1.9412,0.0348,0.0107,0.0,0.0,10.4984,0.9298,0.1424,0.0,0.0,1,14,13,102,920,0.3956,0.9215,99.4736,454.9998,0,4,0,0,0.0023,244,0,1078,0,208,0,449,3,44803,46960,46825,46960,441,429,0,1064,242,244,717,708,0.0,1.1295,8
2019-08-09 12:00:00,8/4/2019,13007,13007_Rana Ice Factory (Gold) Lahore-Z1 (3G-CI-4828),83,3007_Rana Ice Factory (Gold) Lahore-Z1 (3G-CI-4828),HLHRBSC08,LAHORE_CLUSTER_01_Urban,CENTER01,SHAHDARA_City,100%,98.0841,99.6037,99.8117,99.5951,100,0.0,0.0,/0,0.0,0,0,0.0,97.9582,98.8337,98.9305,99.2136,0.0,4.1992,46.4448,100,0.3963,0.0,11.9208,5.1403,6.7806,0,20,11.9208,0.0,11.9208,1.78,20,39.0,39.0,16,4,31.0,8.0,15,15.0,15.0,200,470,354,581,924,0,0,7,471,1526,1526,0,0,1,474,1529,0,1526,0,0,0,367,131,466,0,1,32,0,12,0,0,0,0,0,0,0,0,0,0,0,0,0,0,0,0,555,7,1514,1526,561,0,0,53.169,2.1127,0.7042,0,21.1268,22.1831,50.7692,49.2308,1,530,531,0,0,0,0,130,122,7,246,247,16.5438,21.9888,0.5227,0.5308,0,0,0,0,0,0,0,0,0,0,0,0,0,0,0,/0,0.0,0,0,0,0,0,0,0,0,0,0,0,0,0,0,0,0,0,0,0,0,0,0,0,0,0,0,0,0,0.7979,25.0428,0.2165,0.0241,0.0,0.0,1.0,0.0,0.0,0.0,0.0,24.0428,0.2165,0.0241,0.0,0.0,2,11,11,19,452,0.0,0.5117,99.919,715.2498,0,0,0,0,0.0,561,0,1526,0,247,0,802,0,64672,66020,65250,66020,531,530,0,1514,555,561,1052,1043,0.0,0.0952,9
2019-08-09 12:00:00,8/5/2019,23010,23010_PTCL Exchange Baghban (Gold) Lahore-Z1 (3G-CI-4184),103,3010_PTCL Exchange Baghban (Gold) Lahore-Z1 (3G-CI-4184),HLHRBSC08,LAHORE_CLUSTER_03_Urban,CENTER01,LAHORE_City,100%,98.215,99.0009,98.4314,98.3607,98.4962,0.0,0.0,/0,0.0,0,0,0.0,98.3696,98.9683,98.927,97.6599,0.4438,4.4702,62.6838,100,0.5577,0.0153,14.1931,8.7931,5.4153,1,24,14.1306,0.0153,14.2083,6.1553,18,35.0,35.0,8,10,16.0,19.0,31,31.0,31.0,189,520,271,980,816,0,0,0,3344,4957,4957,22,1,0,3456,2168,0,4957,0,0,0,276,645,518,1,0,25,0,116,0,0,0,0,0,0,0,0,0,0,0,0,1,1,0,0,461,0,4841,4957,466,0,0,51.1278,15.0376,0,0,21.8045,9.7744,77.8723,9.3617,0,251,255,106,104,2,0,235,235,0,16,16,17.8263,21.8176,0.6642,0.5898,0,0,0,0,0,0,0,0,0,0,0,0,0,0,0,0,0.0,0,0,0,0,0,0,0,0,0,0,0,0,0,0,0,0,0,0,0,0,0,0,0,0,0,0,0,3,1.02,17.1541,1.5905,0.2534,0.0454,0.04,0.8743,0.0856,0.016,0.0,0.0,16.2798,1.5049,0.2374,0.0454,0.04,35,24,32,44,785,0.0,0.2842,99.6277,852.4998,0,0,0,0,0.0,466,0,4957,0,122,0,581,0,86100,87527,86624,87527,255,251,22,4841,461,466,1501,1497,0.4474,1.7754,18
2019-08-09 12:00:00,8/5/2019,23114,23114_Imamia Colony Shahdara Sheikhupura (3G-CI-4833),24,3114_Imamia Colony Shahdara Sheikhupura (3G-CI-4833),HLHRBSC08,LAHORE_CLUSTER_01_Urban,CENTER01,SHAHDARA_City,100%,95.1382,98.5177,99.1266,100,98.3051,1.2531,1.7361,106.1333,0.0,0,0,0.0,99.1599,98.8787,95.6811,99.546,0.0,4.0953,78.0392,100,1.4823,8.8014,0.0431,0.4792,8.3653,15,1,0.0431,8.8014,8.8444,1.0022,24,20.7944,20.7944,16,8,17.0,3.7944,31,31.0,31.0,109,341,179,363,408,0,0,0,176,881,881,0,1,0,176,729,0,881,0,0,0,197,118,340,1,0,18,0,4,0,0,0,0,0,0,0,0,0,0,0,0,1,0,0,0,288,0,877,881,301,0,0,78.8136,0,0,0,5.0847,16.1017,77.7778,22.2222,0,227,229,0,0,0,0,9,9,0,111,111,12.6127,21.6776,0.4275,0.3645,5,3,5,0,5,3,2,0,0,0,0,0,0,5,0,1.2376,0.0,1.2531,0,5,0,2,0,2,0,0,0,0,0,0,1,0,0,0,2,0,2,0,0,0,0,0,0,1,0,0.7838,11.8155,0.0162,0.0,0.0,0.0,9.8716,0.0135,0.0,0.0,0.0,1.9439,0.0027,0.0,0.0,0.0,0,0,0,0,340,0.5653,0.4028,99.3734,530.6664,0,123,131,384843,0.0197,301,0,881,0,111,0,399,5,53589,54043,53437,54043,229,227,0,877,288,301,705,701,0.0,0.0,7
2019-08-09 12:00:00,8/5/2019,13007,13007_Rana Ice Factory (Gold) Lahore-Z1 (3G-CI-4828),83,3007_Rana Ice Factory (Gold) Lahore-Z1 (3G-CI-4828),HLHRBSC08,LAHORE_CLUSTER_01_Urban,CENTER01,SHAHDARA_City,100%,98.6247,99.7651,98.8095,100,97.8328,0.0,0.0,/0,0.0,0,0,0.0,98.5243,99.2018,99.3399,99.0116,0.0,4.1611,44.5005,100,0.2349,0.0153,12.3583,3.3139,9.0597,1,23,12.35,0.0153,12.3736,1.9881,20,38.5375,38.5375,16,4,30.5375,8.0,15,15.0,15.0,254,610,348,640,1001,0,0,1,462,1720,1720,0,0,0,470,1234,0,1720,0,0,0,360,195,610,0,0,31,0,17,0,0,0,0,0,0,0,0,0,0,0,0,1,1,0,0,602,1,1703,1720,606,0,0,52.6316,2.1672,0.6192,0,23.2198,20.1238,56.2963,40.7407,0,581,588,0,0,0,0,135,134,1,265,265,17.7027,23.7703,0.3606,0.4963,0,0,0,0,0,0,0,0,0,0,0,0,0,0,0,0,0.0,0,0,0,0,0,0,0,0,0,0,0,0,0,0,0,0,0,0,0,0,0,0,0,0,0,0,0,0,0.7557,23.8133,0.4081,0.0613,0.016,0.0053,1.4493,0.0,0.0,0.0,0.0,22.364,0.4081,0.0613,0.016,0.0053,0,7,10,22,475,0.0,0.5249,100,742.4166,0,0,0,0,0.0,606,0,1720,0,265,0,867,0,69370,70409,69847,70409,588,581,0,1703,602,606,1250,1241,0.0878,0.3401,9
2019-08-09 12:00:00,8/5/2019,13107,13107_Shahdra Machis Factory Lahore-Z1 (3G-CI-4831),172,3107_Shahdra Machis Factory Lahore-Z1 (3G-CI-4831),HLHRBSC08,LAHORE_CLUSTER_01_Urban,CENTER01,SHAHDARA_City,100%,98.9449,99.8596,99.7674,99.5413,100,0.2004,0.3559,544.6668,0.0,0,0,0.0,97.883,99.7921,99.6454,99.4413,0.0,4.0073,64.2043,100,0.1404,0.0903,8.9875,9.0778,0.0,2,17,8.9472,0.0903,9.0778,0.797,12,21.0,21.0,0,12,0.0,21.0,15,15.0,15.0,104,299,176,269,509,0,0,0,147,716,716,0,0,1,147,530,0,716,0,0,0,181,44,299,0,1,19,0,4,0,0,0,0,0,0,0,0,0,0,0,0,0,0,0,0,281,0,712,716,282,0,0,96.2264,0,0,0,0,0.9434,0,0,1,429,430,0,0,0,0,10,10,0,217,218,20.0255,28.4026,0.1848,0.6073,1,0,1,0,1,1,0,0,0,0,0,0,1,0,0.2004,0,0.1934,/0,1,0,0,0,0,0,0,0,0,0,0,0,1,0,0,0,0,0,0,0,0,0,0,0,0,0,0,1.0537,10.304,0.5093,0.04,0.0,0.0,2.7307,0.1387,0.0107,0.0,0.0,7.5733,0.3707,0.0293,0.0,0.0,0,0,14,63,494,0.1102,0.7544,99.8081,544.6668,0,18,0,0,0.0101,282,0,716,0,218,0,499,1,56040,57252,57133,57252,430,429,0,712,281,282,569,565,0.0,0.3686,5
2019-08-09 12:00:00,8/5/2019,23041,23041_Shad Bagh Lahore-Z1 (3G-CI-4199),90,3041_Shad Bagh Lahore-Z1 (3G-CI-4199),HLHRBSC08,LAHORE_CLUSTER_03_Urban,CENTER01,LAHORE_City,100%,41.3625,99.6473,100,100,100,1.0695,1.7391,139.9167,0.0,0,0,0.0,99.3703,99.4824,100.0,50.0,0.1176,3.7143,89.3085,100,0.2353,0.0125,4.6514,4.6639,0.0,1,10,4.6514,0.0125,4.6639,0.877,11,20.0,20.0,0,11,0.0,20.0,15,15.0,15.0,37,103,78,622,188,0,0,0,124,850,850,1,0,1,124,532,0,850,0,0,0,81,70,102,0,1,10,0,425,0,0,0,0,0,0,0,0,0,0,0,0,0,0,0,0,115,0,425,850,115,0,0,97.3684,1.3158,1.3158,0,0,0,0,0,0,148,148,0,0,0,0,1,1,0,72,72,15.7217,19.6452,0.6671,0.3027,2,0,2,0,2,2,0,0,0,0,0,0,2,0,1.0695,0,1.0363,/0,2,0,0,0,0,1,0,0,0,0,0,0,1,0,0,0,0,0,0,0,0,0,0,0,0,0,2,0.8172,14.6827,0.1733,0.0107,0.0,0.0,1.9387,0.0507,0.0,0.0,0.0,12.744000000000002,0.1227,0.0107,0.0,0.0,0,0,9,5,98,0.4288,0.6609,99.4535,279.8334,0,28,2,0,0.0084,115,0,850,0,72,0,187,2,30139,30330,30173,30330,148,148,1,425,115,115,726,301,0.0,0.0718,7
2019-08-09 12:00:00,8/5/2019,33107,33107_Shahdra Machis Factory Lahore-Z1 (3G-CI-4831),174,3107_Shahdra Machis Factory Lahore-Z1 (3G-CI-4831),HLHRBSC08,LAHORE_CLUSTER_01_Urban,CENTER01,SHAHDARA_City,100%,98.9637,99.7249,97.3684,98.913,95.9184,0.0,0.0,/0,0.0,0,0,0.0,99.1531,99.3188,98.9637,99.589,0.0,4.3192,66.361,100,0.2751,0.1472,6.0833,1.1472,5.0833,2,12,6.0375,0.1472,6.2306,0.8758,20,36.7375,36.7375,16,4,29.7375,7.0,15,15.0,15.0,70,275,121,258,338,0,0,0,194,730,730,0,0,0,197,488,0,730,0,0,0,127,108,275,0,0,7,0,3,0,0,0,0,0,0,0,0,0,0,0,0,0,0,0,0,191,0,727,730,193,0,0,75.5102,0,4.0816,0,5.102,15.3061,54.5455,30.9091,1,185,190,0,0,0,0,55,55,0,91,92,19.4883,25.4353,0.1955,0.2652,0,0,0,0,0,0,0,0,0,0,0,0,0,0,0,0,0.0,0,0,0,0,0,0,0,0,0,0,0,0,0,0,0,0,0,0,0,0,0,0,0,0,0,0,0,0,0.8440000000000001,29.584,0.1173,0.0053,0.0,0.0,3.0533,0.04,0.0,0.0,0.0,26.5307,0.0773,0.0053,0.0,0.0,0,0,8,5,116,0.0,0.4921,99.7826,373.8336,0,3,0,0,0.0017,193,0,730,0,92,0,283,0,37701,38023,37764,38023,190,185,0,727,191,193,533,533,0.0,0.0179,5
2019-08-09 12:00:00,8/6/2019,23010,23010_PTCL Exchange Baghban (Gold) Lahore-Z1 (3G-CI-4184),103,3010_PTCL Exchange Baghban (Gold) Lahore-Z1 (3G-CI-4184),HLHRBSC08,LAHORE_CLUSTER_03_Urban,CENTER01,LAHORE_City,100%,97.0445,98.9185,97.9452,96.4789,99.3333,0.0,0.0,/0,0.0,0,0,0.0,98.3505,99.196,97.541,98.0248,0.4413,4.4631,58.9423,100,0.6431,0.0139,11.0542,8.2695,2.7986,1,21,11.0361,0.0139,11.0681,5.9,18,34.0,34.0,8,10,16.0,18.0,31,31.0,31.0,149,460,208,1232,676,0,0,0,2974,4759,4759,21,0,0,3067,2043,0,4759,0,0,0,212,968,460,0,0,22,0,94,0,0,0,0,0,0,0,0,0,0,0,0,1,0,0,0,357,0,4665,4759,366,0,0,56.6667,4,2.6667,0,20.6667,12.6667,78.0899,11.7978,2,286,292,121,118,3,0,178,178,0,19,21,18.2732,22.2105,0.649,0.5934,0,0,0,0,0,0,0,0,0,0,0,0,0,0,0,0,0.0,0,0,0,0,0,0,0,0,0,0,0,0,0,0,0,0,0,0,0,0,0,0,0,0,0,0,0,2,1.0369,19.8027,1.4427,0.1867,0.0347,0.0107,1.5813,0.3413,0.0347,0.0213,0.0027,18.2213,1.1013,0.152,0.0133,0.008,23,26,21,32,535,0.0,0.4174,99.2516,664.0836,0,1,0,0,0.0006,366,0,4759,0,142,0,498,0,68507,69656,69096,69656,292,286,21,4665,357,366,1692,1691,0.2111,1.0802,16
2019-08-09 12:00:00,8/6/2019,23114,23114_Imamia Colony Shahdara Sheikhupura (3G-CI-4833),24,3114_Imamia Colony Shahdara Sheikhupura (3G-CI-4833),HLHRBSC08,LAHORE_CLUSTER_01_Urban,CENTER01,SHAHDARA_City,100%,97.1495,99.4505,99.6988,100,99.3976,0.0,0.0,/0,0.0,0,0,0.0,99.8738,99.4245,98.72200000000001,98.645,0.0,3.9296,77.8425,100,0.5495,10.3819,0.1917,0.8653,9.7083,16,3,0.1917,10.3486,10.5736,0.8056,24,19.6931,19.6931,16,8,17.0278,2.6653,31,31.0,31.0,107,246,202,319,489,0,0,0,172,738,738,0,0,0,173,1132,0,738,0,0,0,212,73,245,0,0,15,0,10,0,0,0,0,0,0,0,0,0,0,0,0,0,0,0,0,309,0,728,738,313,0,0,54.8193,0.6024,0,0,9.6386,34.9398,57.1429,35.7143,0,331,332,0,0,0,0,14,14,0,166,166,15.2873,24.1272,0.2736,0.2158,0,0,0,0,0,0,0,0,0,0,0,0,0,0,0,0,0.0,0,0,0,0,0,0,0,0,0,0,0,0,0,0,0,0,0,0,0,0,0,0,0,0,0,0,0,0,0.773,9.09,0.0065,0.0,0.0,0.0,7.1782,0.0065,0.0,0.0,0.0,1.9119,0.0,0.0,0.0,0.0,0,1,0,0,382,0.0,0.534,100,634.4166,0,49,56,461721,0.006999999999999999,313,0,738,0,166,0,475,0,68034,68120,67728,68120,332,331,0,728,309,313,565,556,0.0,0.0,6
2019-08-09 12:00:00,8/6/2019,13007,13007_Rana Ice Factory (Gold) Lahore-Z1 (3G-CI-4828),83,3007_Rana Ice Factory (Gold) Lahore-Z1 (3G-CI-4828),HLHRBSC08,LAHORE_CLUSTER_01_Urban,CENTER01,SHAHDARA_City,100%,98.1642,99.4077,99.665,99.6283,99.6951,0.0,0.0,/0,0.0,0,0,0.0,97.9076,99.0681,98.6928,99.1765,0.0588,4.0859,40.7275,100,0.5338,0.0306,11.0111,3.9028,7.1389,1,19,10.9778,0.0306,11.0417,1.9294,20,38.0,38.0,16,4,30.0,8.0,15,15.0,15.0,215,589,389,670,976,0,0,0,433,1700,1700,1,0,0,441,2197,0,1700,0,0,0,431,181,588,0,0,26,0,14,0,0,0,0,0,0,0,0,0,0,0,0,0,0,0,0,604,0,1686,1700,612,0,0,59.7561,3.0488,0.3049,0,18.5976,17.9878,50.9615,46.1538,1,595,597,0,0,0,0,104,104,0,268,269,16.477,22.7578,0.5151,0.5271,0,0,0,0,0,0,0,0,0,0,0,0,0,0,0,0,0.0,0,0,0,0,0,0,0,0,0,0,0,0,0,0,0,0,0,0,0,0,0,0,0,0,0,0,0,0,0.8907,24.4851,0.4866,0.0455,0.0054,0.008,1.9627,0.0,0.0,0.0,0.0,22.5225,0.4866,0.0455,0.0054,0.008,5,14,15,27,614,0.0,0.5414,99.9198,662.5002,0,0,0,0,0.0,612,0,1700,0,269,0,872,0,57787,59022,58472,59022,597,595,1,1686,604,612,1259,1253,0.0534,0.235,9
2019-08-09 12:00:00,8/6/2019,33107,33107_Shahdra Machis Factory Lahore-Z1 (3G-CI-4831),174,3107_Shahdra Machis Factory Lahore-Z1 (3G-CI-4831),HLHRBSC08,LAHORE_CLUSTER_01_Urban,CENTER01,SHAHDARA_City,100%,96.4233,99.0446,98.4,96.748,100,0.0,0.0,/0,0.0,0,0,0.0,99.2525,99.9288,96.6102,99.84100000000001,0.0,4.1765,45.5357,100,0.9554,0.0069,4.2431,1.3264,2.9236,1,10,4.2014,0.0069,4.25,0.7297,20,37.0,37.0,16,4,29.0,8.0,15,15.0,15.0,82,250,89,267,336,0,0,0,112,629,629,0,0,0,112,426,0,629,0,0,0,94,147,250,0,0,14,0,1,0,0,0,0,0,0,0,0,0,0,0,0,0,0,0,0,171,0,628,629,177,0,0,74.0157,1.5748,0,0,7.0866,17.3228,65.9091,31.8182,4,246,250,0,0,0,0,44,42,0,119,123,19.6546,26.7146,0.2049,0.2467,0,0,0,0,0,0,0,0,0,0,0,0,0,0,0,0,0.0,0,0,0,0,0,0,0,0,0,0,0,0,0,0,0,0,0,0,0,0,0,0,0,0,0,0,0,0,0.8015,31.752,0.152,0.016,0.0,0.0,2.9653,0.0187,0.0053,0.0,0.0,28.7867,0.1333,0.0107,0.0,0.0,0,1,5,2,210,0.0,0.7427,99.3496,255.0,0,15,0,0,0.0084,177,0,629,0,123,0,294,0,25096,25285,25267,25285,250,246,0,628,171,177,517,516,0.0,0.0502,6
2019-08-09 12:00:00,8/6/2019,13107,13107_Shahdra Machis Factory Lahore-Z1 (3G-CI-4831),172,3107_Shahdra Machis Factory Lahore-Z1 (3G-CI-4831),HLHRBSC08,LAHORE_CLUSTER_01_Urban,CENTER01,SHAHDARA_City,100%,99.5082,100.0,98.9583,98.6014,99.3103,0.0,0.0,/0,0.0,0,0,0.0,98.155,99.819,100.0,99.0956,0.0,4.1419999999999995,68.4788,100,0.0,0.1653,7.4625,7.6278,0.0,2,14,7.425,0.1653,7.6278,0.8905,12,21.0,21.0,0,12,0.0,21.0,15,15.0,15.0,118,352,126,258,401,0,0,0,160,774,774,0,0,0,164,397,0,774,0,0,0,135,88,349,0,0,11,0,7,0,0,0,0,0,0,0,0,0,0,0,0,0,0,0,0,244,0,767,774,244,0,0,88.9655,3.4483,2.7586,0,0,0,0,0,2,285,288,0,0,0,0,14,14,0,141,143,20.599,27.2744,0.2039,0.5733,0,0,0,0,0,0,0,0,0,0,0,0,0,0,0,0,0.0,/0,0,0,0,0,0,0,0,0,0,0,0,0,0,0,0,0,0,0,0,0,0,0,0,0,0,0,0,0.9551,11.7562,0.6422,0.0666,0.008,0.0,2.7042,0.0879,0.0053,0.0,0.0,9.052,0.5544,0.0612,0.008,0.0,0,0,19,61,552,0.0,0.5902,99.7203,457.6668,0,9,0,0,0.0051,244,0,774,0,143,0,387,0,47190,48077,47990,48077,288,285,0,767,244,244,610,607,0.064,0.5977,6
2019-08-09 12:00:00,8/6/2019,23041,23041_Shad Bagh Lahore-Z1 (3G-CI-4199),90,3041_Shad Bagh Lahore-Z1 (3G-CI-4199),HLHRBSC08,LAHORE_CLUSTER_03_Urban,CENTER01,LAHORE_City,100%,98.7342,100.0,99.4186,98.8636,100,0.0,0.0,/0,0.0,0,0,0.0,98.9133,99.6238,100.0,99.061,0.0,4.3063,56.6418,100,0.0,0.0042,3.1583,3.1625,0.0,1,9,3.1458,0.0042,3.1625,0.5096,11,20.0,20.0,0,11,0.0,20.0,15,15.0,15.0,56,144,57,172,201,0,0,0,110,426,426,0,0,0,110,531,0,426,0,0,0,59,65,141,0,0,20,0,4,0,0,0,0,0,0,0,0,0,0,0,0,0,0,0,0,113,0,422,426,113,0,0,100,0,0,0,0,0,0,0,1,171,172,0,0,0,0,1,1,0,87,88,18.5852,23.4737,0.2154,0.4736,0,0,0,0,0,0,0,0,0,0,0,0,0,0,0,0,0.0,/0,0,0,0,0,0,0,0,0,0,0,0,0,0,0,0,0,0,0,0,0,0,0,0,0,0,0,3,0.7836,16.1408,0.2262,0.0186,0.008,0.0027,1.9654,0.0293,0.0,0.0,0.0,14.1755,0.1969,0.0186,0.008,0.0027,0,1,4,6,156,0.0,0.7434,99.7727,189.75,0,30,0,0,0.0084,113,0,426,0,88,0,200,0,18933,19141,19069,19141,172,171,0,422,113,113,316,312,0.0649,0.1785,6
2019-08-09 12:00:00,8/7/2019,23114,23114_Imamia Colony Shahdara Sheikhupura (3G-CI-4833),24,3114_Imamia Colony Shahdara Sheikhupura (3G-CI-4833),HLHRBSC08,LAHORE_CLUSTER_01_Urban,CENTER01,SHAHDARA_City,100%,98.01,99.6021,97.1014,100,94.4056,0.6042,1.0101,235.7916,0.0,0,0,0.0,99.6528,99.0648,98.5075,99.6037,0.0,4.9115,82.2529,100,0.3979,7.8597,0.0,0.4153,7.4444,14,0,0.0,7.8514,7.8597,1.0328,24,21.1875,21.1875,16,8,17.0,4.1875,31,31.0,31.0,76,273,122,321,344,0,0,0,163,757,757,0,0,0,163,895,0,757,0,0,0,145,147,273,0,0,11,0,3,0,0,0,0,0,0,0,0,0,0,0,0,0,0,0,0,198,0,754,757,201,0,0,48.951,0.6993,0,0,13.986,36.3636,61.5385,38.4615,0,268,276,0,0,0,0,13,13,0,133,133,14.222000000000001,23.0828,0.3255,0.3611,2,0,2,0,2,1,1,0,0,0,0,0,0,2,/0,0.5814,0.0,0.5952,0,2,0,1,0,1,0,0,0,0,0,0,0,0,0,0,1,0,1,0,0,0,0,0,0,0,0,0.8303,12.8392,0.0441,0.0,0.0,0.0028,10.8392,0.0441,0.0,0.0,0.0028,2.0,0.0,0.0,0.0,0.0,0,1,0,0,299,0.2545,0.6818,99.6979,471.5832,0,124,189,504897,0.0257,201,0,757,0,133,0,331,2,50511,50687,50212,50686,276,268,0,754,198,201,594,591,0.0213,0.0213,7
2019-08-09 12:00:00,8/7/2019,23041,23041_Shad Bagh Lahore-Z1 (3G-CI-4199),90,3041_Shad Bagh Lahore-Z1 (3G-CI-4199),HLHRBSC08,LAHORE_CLUSTER_03_Urban,CENTER01,LAHORE_City,100%,85.2792,100.0,98.75,100,97.5207,0.369,0.6579,373.0002,0.0,0,0,0.0,98.5952,98.7011,100.0,88.3041,0.0,4.0273,82.2795,100,0.0,0.0889,6.1278,6.2167,0.0,1,12,6.0875,0.0889,6.2167,0.5739,11,20.0,20.0,0,11,0.0,20.0,15,15.0,15.0,63,145,89,249,272,0,0,0,117,513,513,0,0,0,119,577,0,513,0,0,0,89,79,143,0,0,10,0,60,0,0,0,0,0,0,0,0,0,0,0,0,0,0,0,0,152,0,453,513,152,0,0,97.5207,2.4793,0,0,0,0,0,0,0,237,240,0,0,0,0,1,1,0,119,119,15.7513,19.778,0.5697,0.3694,1,0,0,1,1,0,0,0,0,0,0,0,0,0,0.3704,0,0.0,/0,1,0,0,0,0,0,0,0,0,0,1,0,0,0,0,0,0,0,0,0,0,0,0,0,0,0,3,0.8659,13.0295,0.1172,0.016,0.0,0.0,1.8854,0.0213,0.0,0.0,0.0,11.1441,0.0959,0.016,0.0,0.0,1,1,8,9,191,0.1609,0.7763,99.8155,373.0002,0,10,1,0,0.0031,152,0,513,0,119,0,271,1,39093,39650,39135,39650,240,237,0,453,152,152,394,336,0.0,0.1216,6
2019-08-09 12:00:00,8/7/2019,23010,23010_PTCL Exchange Baghban (Gold) Lahore-Z1 (3G-CI-4184),103,3010_PTCL Exchange Baghban (Gold) Lahore-Z1 (3G-CI-4184),HLHRBSC08,LAHORE_CLUSTER_03_Urban,CENTER01,LAHORE_City,100%,97.1303,98.9207,98.0926,97.3822,98.8636,0.5137,0.7614,260.8612,0.0,0,0,0.0,98.167,98.3852,98.01,97.6521,0.4482,4.5535,56.0322,100,0.6339,0.0139,13.0292,9.4306,3.6125,1,23,13.0111,0.0139,13.0431,5.9259,18,34.4708,34.4708,8,10,16.0,18.4708,31,31.0,31.0,164,410,229,1178,838,0,0,0,2993,4685,4685,21,1,0,3096,1937,0,4685,0,0,0,235,899,409,0,0,15,0,110,0,0,0,0,0,0,0,0,0,0,0,0,3,1,0,0,394,0,4575,4685,402,0,0,57.3864,11.3636,2.8409,0,19.8864,4.5455,77.5591,11.0236,2,360,367,158,155,3,0,254,254,0,31,33,18.0768,22.0351,0.8953,0.6152,3,0,3,0,3,2,1,0,0,0,0,0,3,0,0.3593,0,0.4392,0,3,0,0,0,0,0,0,0,0,0,0,0,3,0,0,0,0,0,0,0,0,0,0,0,0,0,1,1.077,17.9938,1.3691,0.1524,0.1947,0.0454,0.9874,0.2514,0.0641,0.1733,0.0374,17.0063,1.1177,0.0884,0.0214,0.008,23,16,55,46,1050,0.23,0.4416,99.1748,782.5836,0,0,0,0,0.0,402,0,4685,0,191,0,584,3,77814,79267,77987,79267,367,360,21,4575,394,402,1589,1582,1.2152,1.9868,17
2019-08-09 12:00:00,8/7/2019,13107,13107_Shahdra Machis Factory Lahore-Z1 (3G-CI-4831),172,3107_Shahdra Machis Factory Lahore-Z1 (3G-CI-4831),HLHRBSC08,LAHORE_CLUSTER_01_Urban,CENTER01,SHAHDARA_City,100%,99.6139,99.8797,99.1713,98.913,99.4382,0.2268,0.3876,506.5002,0.0,0,0,0.0,97.5085,98.8969,99.6139,99.521,0.0,4.3222,68.139,100,0.1203,0.1097,8.3319,8.4417,0.0,2,16,8.3292,0.1097,8.4417,1.0025,12,22.0,22.0,0,12,0.0,22.0,15,15.0,15.0,103,324,153,316,446,0,0,0,189,835,835,0,2,0,193,455,0,835,0,0,0,159,115,324,2,0,15,0,4,0,0,0,0,0,0,0,0,0,0,0,0,0,0,0,0,258,0,831,835,259,0,0,91.0112,1.6854,0,0,0,1.1236,0,0,2,359,362,0,0,0,0,5,5,0,182,184,19.1446,26.0716,0.3908,0.6984,1,1,1,0,1,0,1,0,0,0,0,0,1,0,0.2268,0,0.2198,/0,1,0,0,0,0,1,0,0,0,0,0,0,0,0,0,0,0,0,0,0,0,0,0,0,0,0,0,1.0573,11.7733,0.7653,0.0533,0.0133,0.0027,1.8133,0.048,0.0107,0.0053,0.0,9.96,0.7173,0.0427,0.008,0.0027,1,1,10,80,577,0.1185,0.6859999999999999,99.6692,506.5002,0,11,0,0,0.0062,259,0,835,0,184,0,441,1,51269,52579,51999,52579,362,359,0,831,258,259,642,642,0.1269,0.55,6
2019-08-09 12:00:00,8/7/2019,13007,13007_Rana Ice Factory (Gold) Lahore-Z1 (3G-CI-4828),83,3007_Rana Ice Factory (Gold) Lahore-Z1 (3G-CI-4828),HLHRBSC08,LAHORE_CLUSTER_01_Urban,CENTER01,SHAHDARA_City,100%,98.9681,99.8902,96.4706,98.5075,94.8012,0.3567,0.5226,261.6112,0.0,0,0,0.0,98.0643,99.3282,99.6528,99.1835,0.0,4.4745,48.5965,100,0.1098,0.0292,13.0514,5.1417,7.9389,2,24,12.9903,0.0292,13.0806,2.2833,20,38.2167,38.2167,16,4,30.2167,8.0,15,15.0,15.0,258,647,315,662,969,0,0,6,521,1837,1837,0,1,0,527,1474,0,1837,0,0,0,336,278,646,1,0,9,0,15,0,0,0,0,0,0,0,0,0,0,0,0,0,0,0,0,574,6,1822,1837,576,0,0,58.7156,2.4465,1.2232,0,19.8777,17.1254,47.7612,47.7612,4,574,595,0,0,0,0,134,128,6,264,268,16.835,22.4054,0.4135,0.5681,3,0,1,2,3,1,0,0,0,0,0,0,1,0,0.3115,0,0.33,0,3,0,0,0,0,0,0,0,0,0,2,0,1,0,0,0,0,0,0,0,0,0,0,0,0,0,0,0.7771,22.9743,0.2801,0.0293,0.0054,0.0,1.7412,0.0027,0.0,0.0,0.0,21.2331,0.2774,0.0293,0.0054,0.0,11,16,31,29,596,0.2293,0.5401,99.5231,784.8336,0,3,0,0,0.0018,576,0,1837,0,268,0,841,3,72699,74134,73636,74134,595,574,0,1822,574,576,1310,1301,0.023,0.149,10
2019-08-09 12:00:00,8/7/2019,33107,33107_Shahdra Machis Factory Lahore-Z1 (3G-CI-4831),174,3107_Shahdra Machis Factory Lahore-Z1 (3G-CI-4831),HLHRBSC08,LAHORE_CLUSTER_01_Urban,CENTER01,SHAHDARA_City,100%,99.4413,99.88,100,100,100,0.0,0.0,/0,0.0,0,0,0.0,97.9727,99.6202,99.4413,99.8801,0.0,4.012,35.7853,100,0.12,0.0056,3.7917,1.1333,2.6639,1,11,3.7917,0.0056,3.7972,0.9294,20,37.0,37.0,16,4,29.0,8.0,15,15.0,15.0,75,321,103,373,382,0,0,0,139,834,834,0,0,0,140,458,0,834,0,0,0,114,231,321,0,0,12,0,1,0,0,0,0,0,0,0,0,0,0,0,0,0,0,0,0,178,0,833,834,179,0,0,71.7391,0,0.7246,0,7.2464,20.2899,58.0247,39.5062,0,261,261,0,0,0,0,81,78,0,123,123,19.4982,26.9183,0.2022,0.3601,0,0,0,0,0,0,0,0,0,0,0,0,0,0,0,0,0.0,0,0,0,0,0,0,0,0,0,0,0,0,0,0,0,0,0,0,0,0,0,0,0,0,0,0,0,0,0.7842,32.016,0.2773,0.0027,0.0,0.0,2.984,0.0053,0.0,0.0,0.0,29.031999999999996,0.272,0.0027,0.0,0.0,0,0,1,3,136,0.0,0.7753,100,227.8332,0,4,0,0,0.0022,179,0,834,0,123,0,304,0,21409,21852,21769,21852,261,261,0,833,178,179,694,694,0.0,0.0083,7
2019-08-09 12:00:00,8/8/2019,13007,13007_Rana Ice Factory (Gold) Lahore-Z1 (3G-CI-4828),83,3007_Rana Ice Factory (Gold) Lahore-Z1 (3G-CI-4828),HLHRBSC08,LAHORE_CLUSTER_01_Urban,CENTER01,SHAHDARA_City,100%,98.7187,99.4966,99.1706,98.708,99.5624,0.0907,0.1393,964.7502,0.0,0,0.2577,0.0898,97.9148,99.3963,99.0345,99.6347,0.0913,3.8868,47.176,100,0.4125,0.0056,16.0736,5.8611,10.2181,1,27,15.9986,0.0056,16.0792,2.3644,20,38.7958,38.7958,16,4,30.7958,8.0,15,15.0,15.0,281,855,437,903,1227,0,0,10,427,2190,2190,2,0,1,431,1096,0,2190,0,0,0,465,360,854,0,1,34,0,8,0,0,0,0,0,0,0,0,0,0,0,0,0,0,0,1,718,10,2182,2190,725,0,0,51.86,1.7505,0.6565,0,23.4136,21.0066,54.4776,43.2836,6,837,844,0,0,0,1,134,125,9,382,388,16.0465,22.1592,0.4006,0.5696,1,0,1,0,1,0,1,0,0,0,0,0,0,1,0.0816,0,0.0,0.1112,1,0,0,0,0,1,0,0,0,0,0,0,0,0,0,0,0,0,1,0,0,0,0,0,0,0,0,0.8618,20.4278,0.2219,0.0297,0.0028,0.0,1.2028,0.0,0.0,0.0,0.0,19.225,0.2219,0.0297,0.0028,0.0,1,3,27,20,682,0.0622,0.6337,99.6354,964.7502,0,0,0,0,0.0,725,0,2190,0,388,1,1102,1,89688,91598,91045,91598,844,837,2,2182,718,725,1759,1755,0.0134,0.1569,14
2019-08-09 12:00:00,8/8/2019,23041,23041_Shad Bagh Lahore-Z1 (3G-CI-4199),90,3041_Shad Bagh Lahore-Z1 (3G-CI-4199),HLHRBSC08,LAHORE_CLUSTER_03_Urban,CENTER01,LAHORE_City,100%,99.4536,100.0,99.5192,99.0099,100,0.0,0.0,/0,0.0,0,0,0.0,98.8621,98.7639,100.0,99.006,0.0,3.8947,53.1229,100,0.0,0.0,4.2056,4.2056,0.0,0,15,4.1819,0.0,4.2056,0.5442,11,20.0,20.0,0,11,0.0,20.0,15,15.0,15.0,81,157,103,209,285,0,0,0,134,503,503,0,0,0,137,578,0,503,0,0,0,107,77,157,0,0,11,0,5,0,0,0,0,0,0,0,0,0,0,0,0,0,0,0,0,184,0,498,503,184,0,0,100,0,0,0,0,0,/0,/0,1,207,208,0,0,0,0,0,0,0,100,101,16.5593,21.2573,0.5126,0.3706,0,0,0,0,0,0,0,0,0,0,0,0,0,0,0,/0,0.0,/0,0,0,0,0,0,0,0,0,0,0,0,0,0,0,0,0,0,0,0,0,0,0,0,0,0,0,2,0.8022,14.8667,0.29600000000000004,0.0613,0.0027,0.0027,1.9707,0.032,0.0,0.0,0.0,12.895999999999999,0.264,0.0613,0.0027,0.0027,0,0,6,2,149,0.0,0.5815,99.802,252.3336,0,1,0,0,0.0003,184,0,503,0,101,0,285,0,24154,24432,24130,24432,208,207,0,498,184,184,366,364,0.0351,0.4378,5
2019-08-09 12:00:00,8/8/2019,33107,33107_Shahdra Machis Factory Lahore-Z1 (3G-CI-4831),174,3107_Shahdra Machis Factory Lahore-Z1 (3G-CI-4831),HLHRBSC08,LAHORE_CLUSTER_01_Urban,CENTER01,SHAHDARA_City,100%,97.9789,99.4374,99.1803,100,98.4733,0.0,0.0,/0,0.0,0,0,0.0,99.3891,99.6775,98.1567,99.8596,0.0,3.9467,51.2602,100,0.5626,0.0153,5.2389,0.9875,4.2667,1,11,5.0139,0.0153,5.2542,0.7806,20,37.0,37.0,16,4,30.0,7.0,15,15.0,15.0,91,250,122,302,369,0,0,0,160,712,712,0,0,0,160,486,0,712,0,0,0,132,147,250,0,0,15,0,1,0,0,0,0,0,0,0,0,0,0,0,0,0,0,0,0,213,0,711,712,217,0,0,77.0992,0,0.7634,0,6.8702,14.5038,55.814,39.5349,0,242,244,0,0,0,0,43,43,0,113,113,19.4851,25.8552,0.1633,0.3068,0,0,0,0,0,0,0,0,0,0,0,0,0,0,0,0,0.0,0,0,0,0,0,0,0,0,0,0,0,0,0,0,0,0,0,0,0,0,0,0,0,0,0,0,0,0,0.6391,30.7707,0.1413,0.0053,0.0,0.0,2.9573,0.0187,0.0053,0.0,0.0,27.8133,0.1227,0.0,0.0,0.0,0,0,0,2,138,0.0,0.6056,100,315.2502,0,1,0,0,0.0006,217,0,712,0,113,0,326,0,32053,32250,32146,32250,244,242,0,711,213,217,552,551,0.0,0.0173,5
2019-08-09 12:00:00,8/8/2019,23114,23114_Imamia Colony Shahdara Sheikhupura (3G-CI-4833),24,3114_Imamia Colony Shahdara Sheikhupura (3G-CI-4833),HLHRBSC08,LAHORE_CLUSTER_01_Urban,CENTER01,SHAHDARA_City,100%,96.4075,99.3377,99.6094,100,99.2754,0.5319,0.7752,285.6249,0.0,0,0,0.0,98.9616,99.2484,98.0989,98.564,0.0,4.0156,89.9606,100,0.6623,9.3333,0.1875,0.2333,9.2875,15,3,0.1875,9.3333,9.5208,0.8544,24,21.4972,21.4972,16,8,17.1958,4.3014,31,31.0,31.0,105,231,153,291,381,0,0,0,242,766,766,0,0,0,244,1122,0,766,0,0,0,163,90,231,0,0,16,0,11,0,0,0,0,0,0,0,0,0,0,0,0,0,0,0,0,258,0,755,766,263,0,0,57.971,0,0,0,7.971,34.058,60,20,0,255,256,0,0,0,0,5,5,0,118,118,11.7745,21.3308,0.3568,0.4714,2,1,2,0,2,1,1,0,0,0,0,0,0,2,0,0.5525,0.0,0.5263,0,2,0,0,0,1,0,0,0,0,0,0,1,0,0,0,0,0,1,0,0,0,0,0,0,1,0,0.8547,11.999,0.0495,0.0,0.0,0.0,9.8355,0.0495,0.0,0.0,0.0,2.1635,0.0,0.0,0.0,0.0,0,1,0,0,300,0.2101,0.531,99.734,571.2498,0,97,161,514681,0.0216,263,0,766,0,118,0,376,2,60038,60668,60212,60668,256,255,0,755,258,263,522,513,0.0,0.0,5
2019-08-09 12:00:00,8/8/2019,23010,23010_PTCL Exchange Baghban (Gold) Lahore-Z1 (3G-CI-4184),103,3010_PTCL Exchange Baghban (Gold) Lahore-Z1 (3G-CI-4184),HLHRBSC08,LAHORE_CLUSTER_03_Urban,CENTER01,LAHORE_City,100%,97.8083,99.0718,98.3529,96.5854,100,0.4348,0.6135,318.0278,0.0,0,0,0.0,97.9745,98.6382,99.5927,97.3449,0.4345,4.5875,53.9538,100,0.4959,0.0097,15.8917,9.9014,6.0,1,27,15.8708,0.0097,15.9014,5.2794,18,33.6681,33.6681,8,10,15.0,18.6681,31,31.0,31.0,183,520,306,515,1061,0,0,0,3011,4143,4143,18,0,1,3107,2021,0,4143,0,0,0,319,126,514,0,1,31,0,110,0,0,0,0,0,0,0,0,0,0,0,0,0,0,0,0,489,0,4033,4143,491,0,0,55.4545,4.0909,0.4545,0,21.3636,13.1818,79.5148,9.434,0,418,425,151,144,7,0,371,371,0,54,54,17.6366,21.2809,0.7594,0.5816,3,0,3,0,3,2,1,0,0,0,0,0,3,0,0.2833,0,0.3778,0,3,0,0,0,0,0,0,0,0,0,0,0,3,0,0,0,0,0,0,0,0,0,0,0,0,0,0,0.9359,14.6665,0.8921,0.1656,0.048,0.0241,2.0580000000000003,0.2085,0.0321,0.0213,0.0,12.6085,0.6837,0.1335,0.0267,0.0241,38,22,35,44,955,0.1887,0.4499,99.0562,954.0834,0,0,0,0,0.0,491,0,4143,0,205,0,690,3,97127,99135,97785,99135,425,418,18,4033,489,491,1036,1022,0.4562,1.5045,17
2019-08-09 12:00:00,8/8/2019,13107,13107_Shahdra Machis Factory Lahore-Z1 (3G-CI-4831),172,3107_Shahdra Machis Factory Lahore-Z1 (3G-CI-4831),HLHRBSC08,LAHORE_CLUSTER_01_Urban,CENTER01,SHAHDARA_City,100%,99.2508,99.8501,99.0476,98.6928,99.3827,0.24100000000000002,0.3817,473.1666,0.0,0,0,0.0,96.8316,99.81299999999999,99.6198,99.70100000000001,0.0,3.71,67.2749,100,0.1499,0.0444,7.8417,7.8861,0.0,2,18,7.8208,0.0444,7.8861,0.6894,12,22.0,22.0,0,12,0.0,22.0,15,15.0,15.0,77,235,184,304,422,0,0,0,129,669,669,0,1,0,129,351,0,669,0,0,0,199,85,235,1,0,12,0,2,0,0,0,0,0,0,0,0,0,0,0,0,0,0,0,0,262,0,667,669,263,0,0,91.358,3.0864,0.6173,0,0,0,0,0,2,312,315,0,0,0,0,7,7,0,151,153,20.4136,30.9648,0.1921,0.7836,1,0,0,1,1,0,0,0,0,0,0,0,0,0,0.2404,0,0.0,/0,1,0,0,0,0,0,0,0,0,0,1,0,0,0,0,0,0,0,0,0,0,0,0,0,0,0,0,1.0181,12.544,0.672,0.0507,0.0107,0.0,1.8667,0.0587,0.008,0.0053,0.0,10.6773,0.6133,0.0427,0.0053,0.0,0,3,7,88,546,0.1268,0.6145,99.6181,473.1666,0,21,0,0,0.0118,263,0,669,0,153,0,415,1,47646,49205,49113,49205,315,312,0,667,262,263,540,538,0.0804,0.4619,5
